FilePath,Row,ChipID,Column,Timepoint,Nuclei - Number of Objects,Lipid - Number of Objects,Lipid - Lipid Intensity Mean - Mean per Well,Lipid - Lipid Intensity Mean - StdDev per Well,Lipid - Lipid Intensity Mean - CV % per Well,Lipid - Lipid Intensity Mean - Sum per Well,Lipid - Lipid Intensity Mean - Max per Well,Lipid - Lipid Intensity Mean - Min per Well,Lipid - Lipid Intensity Mean - Median per Well,Lipid - Lipid Intensity Sum - Mean per Well,Lipid - Lipid Intensity Sum - StdDev per Well,Lipid - Lipid Intensity Sum - CV % per Well,Lipid - Lipid Intensity Sum - Sum per Well,Lipid - Lipid Intensity Sum - Max per Well,Lipid - Lipid Intensity Sum - Min per Well,Lipid - Lipid Intensity Sum - Median per Well,Lipid - Lipid Area [µm²] - Mean per Well,Lipid - Lipid Area [µm²] - StdDev per Well,Lipid - Lipid Area [µm²] - CV % per Well,Lipid - Lipid Area [µm²] - Sum per Well,Lipid - Lipid Area [µm²] - Max per Well,Lipid - Lipid Area [µm²] - Min per Well,Lipid - Lipid Area [µm²] - Median per Well,Lipid - Lipid Roundness - Mean per Well,Lipid - Lipid Roundness - StdDev per Well,Lipid - Lipid Roundness - CV % per Well,Lipid - Lipid Roundness - Sum per Well,Lipid - Lipid Roundness - Max per Well,Lipid - Lipid Roundness - Min per Well,Lipid - Lipid Roundness - Median per Well,Lipid - Lipid Perimeter [µm] - Mean per Well,Lipid - Lipid Perimeter [µm] - StdDev per Well,Lipid - Lipid Perimeter [µm] - CV % per Well,Lipid - Lipid Perimeter [µm] - Sum per Well,Lipid - Lipid Perimeter [µm] - Max per Well,Lipid - Lipid Perimeter [µm] - Min per Well,Lipid - Lipid Perimeter [µm] - Median per Well,Lipid - Lipid Width [µm] - Mean per Well,Lipid - Lipid Width [µm] - StdDev per Well,Lipid - Lipid Width [µm] - CV % per Well,Lipid - Lipid Width [µm] - Sum per Well,Lipid - Lipid Width [µm] - Max per Well,Lipid - Lipid Width [µm] - Min per Well,Lipid - Lipid Width [µm] - Median per Well,Lipid - Lipid Length [µm] - Mean per Well,Lipid - Lipid Length [µm] - StdDev per Well,Lipid - Lipid Length [µm] - CV % per Well,Lipid - Lipid Length [µm] - Sum per Well,Lipid - Lipid Length [µm] - Max per Well,Lipid - Lipid Length [µm] - Min per Well,Lipid - Lipid Length [µm] - Median per Well,Lipid - Lipid Ratio Width to Length - Mean per Well,Lipid - Lipid Ratio Width to Length - StdDev per Well,Lipid - Lipid Ratio Width to Length - CV % per Well,Lipid - Lipid Ratio Width to Length - Sum per Well,Lipid - Lipid Ratio Width to Length - Max per Well,Lipid - Lipid Ratio Width to Length - Min per Well,Lipid - Lipid Ratio Width to Length - Median per Well,Normalized Number of Lipids,Normalized Lipid Area,Normalized Lipid Sum,Normalized Lipid Mean,Number of Analyzed Fields,Time [s],Compound,Concentration,Cell Type,Cell Count,Database Name,Database Location,Evaluation Signature,Plate Name,Measurement,Evaluation,Chip,ChipRow,ID,Sample/ Control,Condition
data/raw/RFE423_Chip#1_C1969_C1974_Normal__2024-12-20T14_08_25-Measurement 1/Evaluation8/PlateResults.txt,1,C1969,1,1,52810,748655,767.1406252,405.9225657,52.91371001,574323664.7,12570.86957,252.0588235,640.2666667,23158.35807,27637.45516,119.3411686,17337620563,4330500,2029,15901,9.839398155,6.027906087,61.26295523,7366314.626,210.9655131,1.766880344,8.127649585,0.90665388,0.09023132,9.952124219,678770.9607,1.065039903,0.413954134,0.921094677,12.15941009,4.623998807,38.02815082,9103203.159,101.1610015,5.248097611,11.19712841,2.222467564,0.626492338,28.18904304,1663861.454,12.70847202,1.435139896,2.169926036,4.584401587,1.663564346,36.28749172,3432135.17,40.07162424,1.783363289,4.277020922,0.510183601,0.111939299,21.94098334,381951.5041,0.889736144,0.090448864,0.509203663,14.17638705,0.000186317,0.438522213,0.014526427,105,0,,,,,Phenix,http://harmony.univ.pitt.edu/ODA/OdaService.asmx,ea32cecd-378e-432e-b816-92b76fe330be,RFE423_Chip#1_C1969_C1974_Normal,Measurement 1,Evaluation8,1,A,1-A,Sample,A-Normal
data/raw/RFE423_Chip#1_C1969_C1974_Normal__2024-12-20T14_08_25-Measurement 1/Evaluation8/PlateResults.txt,2,C1970,1,1,56828,761642,873.1610785,563.286813,64.51121413,665036150.1,52667.19565,264.05,707.6190476,26386.62028,37996.95781,144.0008512,20097158246,6974945,1990,17340,9.741996898,5.992677676,61.51385326,7419914.001,157.2523507,1.766880344,8.127649585,0.909782601,0.088488143,9.726295388,692928.6398,1.065039903,0.422233334,0.923403745,12.0364481,4.542747086,37.7415916,9167464.407,73.57117587,5.248097611,11.07849938,2.21949675,0.634190012,28.573595,1690461.943,11.84577622,1.435139896,2.169926036,4.544248997,1.643158043,36.15906707,3461090.895,25.99125594,1.783363289,4.261410892,0.513413181,0.112095678,21.83342433,391037.0418,0.909539147,0.119449594,0.515316578,13.40258323,0.00017143,0.464324282,0.01536498,105,0,,,,,Phenix,http://harmony.univ.pitt.edu/ODA/OdaService.asmx,ea32cecd-378e-432e-b816-92b76fe330be,RFE423_Chip#1_C1969_C1974_Normal,Measurement 1,Evaluation8,1,B,1-B,Sample,A-Normal
data/raw/RFE423_Chip#1_C1969_C1974_Normal__2024-12-20T14_08_25-Measurement 1/Evaluation8/PlateResults.txt,3,C1971,1,1,54580,784941,883.3489151,509.2716951,57.65238247,693376780.7,14328.50357,256.6666667,722.6410256,25808.14912,32566.83655,126.1881912,20257874378,4028381,1661,17218,9.427226306,5.791903091,61.43804023,7399816.444,155.4854703,1.766880344,7.774273516,0.913242853,0.087350101,9.564827203,716841.7579,1.065039903,0.444795138,0.927426126,11.79126933,4.432382661,37.59037755,9255450.743,58.94258669,5.248097611,10.85339158,2.186621038,0.61648746,28.19361239,1716368.504,13.09696136,1.435139896,2.169925894,4.459333259,1.613783468,36.18889583,3500313.508,19.42490522,1.783363289,4.115609754,0.51578823,0.11199936,21.714214,404863.3287,0.89645573,0.144585612,0.520861152,14.38147673,0.000172723,0.472849929,0.01618448,105,0,,,,,Phenix,http://harmony.univ.pitt.edu/ODA/OdaService.asmx,ea32cecd-378e-432e-b816-92b76fe330be,RFE423_Chip#1_C1969_C1974_Normal,Measurement 1,Evaluation8,1,C,1-C,Sample,A-Normal
data/raw/RFE423_Chip#1_C1969_C1974_Normal__2024-12-20T14_08_25-Measurement 1/Evaluation8/PlateResults.txt,4,C1972,1,1,54546,757001,921.3784536,584.7424928,63.46387747,697484410.8,17142.2766,258.7567568,747.6666667,27298.31932,37909.30603,138.8704762,20664855025,3720383,2186,17776,9.510548826,5.862543961,61.64254101,7199494.972,121.5613677,1.766880344,8.127649585,0.912899872,0.087439115,9.578171495,691066.1162,1.065039903,0.439090747,0.927301494,11.84558681,4.461240517,37.6616253,8967121.057,71.18887164,5.248097611,10.95538384,2.197277737,0.624486942,28.42093793,1663341.444,10.68709248,1.435139896,2.169925894,4.478495732,1.620525053,36.18458407,3390225.748,20.85828467,1.783363289,4.161181007,0.51580024,0.112100547,21.73332596,390461.2975,0.891845055,0.118326816,0.520325427,13.87821288,0.000174358,0.500464183,0.016891769,105,0,,,,,Phenix,http://harmony.univ.pitt.edu/ODA/OdaService.asmx,ea32cecd-378e-432e-b816-92b76fe330be,RFE423_Chip#1_C1969_C1974_Normal,Measurement 1,Evaluation8,1,D,1-D,Sample,A-Normal
data/raw/RFE423_Chip#1_C1969_C1974_Normal__2024-12-20T14_08_25-Measurement 1/Evaluation8/PlateResults.txt,5,C1973,1,1,52714,728614,819.210478,511.0522811,62.38351374,596888223.2,26393.9375,250.4736842,669.6,24403.75905,32324.80259,132.4582927,17780920495,3578384,2095,16234,9.666777948,5.884427638,60.8726886,7043349.748,115.5539745,1.766880344,8.127649585,0.908870028,0.08958733,9.857001303,662215.4265,1.065039903,0.393144532,0.923021931,12.02086017,4.552388881,37.87074149,8758567.015,70.62320426,5.248097611,11.07401287,2.205882156,0.617781421,28.00609359,1607236.622,11.17165933,1.435139896,2.169925894,4.538453914,1.643227511,36.20676869,3306781.06,22.32074633,1.783363289,4.261410892,0.511683524,0.11225162,21.93770454,372819.7794,0.89645573,0.141800006,0.509203663,13.82202072,0.000183382,0.462946448,0.015540662,105,0,,,,,Phenix,http://harmony.univ.pitt.edu/ODA/OdaService.asmx,ea32cecd-378e-432e-b816-92b76fe330be,RFE423_Chip#1_C1969_C1974_Normal,Measurement 1,Evaluation8,1,E,1-E,Sample,A-Normal
data/raw/RFE423_Chip#1_C1969_C1974_Normal__2024-12-20T14_08_25-Measurement 1/Evaluation8/PlateResults.txt,6,C1974,1,1,51301,728408,933.8911329,576.2498905,61.70418266,680253772.3,18662.17391,257.9473684,757.348913,27720.02396,36747.02662,132.5649165,20191487214,3948027,2089,18066,9.496089204,5.853218608,61.6382016,6917027.345,101.0655557,1.766880344,8.127649585,0.912828183,0.087106719,9.542509769,664911.3514,1.065039903,0.465183834,0.926905822,11.83206192,4.456696068,37.66626729,8618568.558,63.12937749,5.248097611,10.95089733,2.193407315,0.623623901,28.43174166,1597695.436,10.3825957,1.435139896,2.169925894,4.478389006,1.626823306,36.32608298,3262094.379,19.26616763,1.783363289,4.162507024,0.515248466,0.112268641,21.78922373,375311.1048,0.89645573,0.135111351,0.519357695,14.19870958,0.000185105,0.540340811,0.018204151,105,0,,,,,Phenix,http://harmony.univ.pitt.edu/ODA/OdaService.asmx,ea32cecd-378e-432e-b816-92b76fe330be,RFE423_Chip#1_C1969_C1974_Normal,Measurement 1,Evaluation8,1,F,1-F,Sample,A-Normal
data/raw/RFE423_Chip#1_C1969_C1974_Normal__2024-12-20T14_08_25-Measurement 1/Evaluation8/PlateResults.txt,7,C1975,1,1,43154,105563,303.7152344,141.8202374,46.69513458,32061091.29,33489.77778,231.3148148,297.1034483,13793.42991,7825.804943,56.73574298,1456075842,602816,1904,12158,15.94194291,7.738918199,48.54438536,1682879.319,98.23854715,2.120256413,14.48841882,0.780200491,0.11887403,15.2363439,82360.30447,1.065039903,0.352610748,0.785270789,18.54376275,6.925823437,37.34853347,1957535.227,90.63415118,5.248097611,17.2660975,2.688576076,0.661417419,24.60103045,283814.1563,9.229690539,1.435139896,2.624048791,6.418609474,2.042276669,31.81805463,677567.6719,24.8070162,1.949061758,6.136966615,0.441297348,0.111189071,25.19595277,46584.67197,0.877846404,0.134326706,0.435058246,2.446192705,0.00036942,0.319632709,0.007037939,105,0,,,,,Phenix,http://harmony.univ.pitt.edu/ODA/OdaService.asmx,ea32cecd-378e-432e-b816-92b76fe330be,RFE423_Chip#1_C1969_C1974_Normal,Measurement 1,Evaluation8,1,G,1-G,Neg.,A-Normal
data/raw/RFE423_Chip#2_C1975_C1981_Disease__2024-12-20T16_53_31-Measurement 1/Evaluation10/PlateResults.txt,1,C1976,1,1,47027,1220698,3040.284105,1745.925168,57.42638212,3711268727,31431.55986,240.6,2598.075499,108880.6908,135264.306,124.231675,1.3291E+11,13575039,2164,70953,11.13040418,7.519880221,67.56160962,13586862.12,188.7028208,1.766880344,9.187777791,0.898291027,0.088848444,9.890830657,1096542.061,1.065039903,0.381000875,0.910687484,12.97005679,5.259184572,40.54866264,15832522.38,83.14798818,5.248097611,11.9191849,2.34771428,0.731823424,31.17174139,2865850.126,14.86136017,1.435139896,2.169926036,4.873817371,1.857701904,38.11595229,5949459.118,26.30035324,1.783363289,4.45993025,0.505912461,0.110371237,21.81627164,617566.3296,0.929275398,0.1141804,0.502610574,25.95738618,0.000236681,2.315280389,0.064649757,105,0,,,,,Phenix,http://harmony.univ.pitt.edu/ODA/OdaService.asmx,5a1ff345-b735-46ba-9e21-408ffa3915d6,RFE423_Chip#2_C1975_C1981_Disease,Measurement 1,Evaluation10,2,A,2-A,Sample,B-Disease
data/raw/RFE423_Chip#2_C1975_C1981_Disease__2024-12-20T16_53_31-Measurement 1/Evaluation10/PlateResults.txt,2,C1977,1,1,50292,1239033,3136.267305,1879.482588,59.92737243,3885938688,46247.67315,253.0526316,2669.875,113437.5071,153150.6569,135.0088351,1.40553E+11,23771304,1910,71789,11.09953647,7.562097406,68.12984873,13752691.97,205.6648721,1.766880344,9.187777791,0.900729504,0.08809118,9.779981622,1116033.58,1.065039903,0.407288799,0.912314925,12.90393139,5.243167071,40.63232292,15988396.82,78.56089212,5.248097611,11.81270613,2.35001086,0.73848909,31.42492244,2911741.005,15.28400676,1.435139896,2.169926036,4.852612162,1.861077225,38.35207025,6012546.605,25.45731525,1.783363289,4.428782755,0.508544259,0.110506713,21.73000899,630103.1195,0.922360986,0.131202651,0.504148973,24.6367812,0.000220702,2.255577569,0.062361157,105,0,,,,,Phenix,http://harmony.univ.pitt.edu/ODA/OdaService.asmx,5a1ff345-b735-46ba-9e21-408ffa3915d6,RFE423_Chip#2_C1975_C1981_Disease,Measurement 1,Evaluation10,2,B,2-B,Sample,B-Disease
data/raw/RFE423_Chip#2_C1975_C1981_Disease__2024-12-20T16_53_31-Measurement 1/Evaluation10/PlateResults.txt,3,C1978,1,1,44792,1155371,3086.282705,1827.731229,59.22112143,3565801536,33950.4962,245.1111111,2622.42623,111314.2029,168418.9262,151.3004826,1.28609E+11,21531692,1954,71390,11.11490753,7.668156755,68.98983849,12841841.83,289.0616244,1.766880344,9.187777791,0.899994151,0.088988063,9.887626791,1039827.142,1.065039903,0.440982312,0.912212307,12.92805892,5.283288067,40.86683158,14936704.37,86.34319655,5.248097611,11.81719264,2.349729984,0.742751318,31.61007106,2714809.882,17.03543965,1.435139896,2.169926036,4.857764461,1.86585318,38.40970872,5612520.183,26.74866241,1.783363289,4.438616337,0.508176716,0.111384325,21.9184235,587132.6401,0.925930857,0.117447869,0.503468537,25.79413735,0.000248145,2.485135804,0.068902543,105,0,,,,,Phenix,http://harmony.univ.pitt.edu/ODA/OdaService.asmx,5a1ff345-b735-46ba-9e21-408ffa3915d6,RFE423_Chip#2_C1975_C1981_Disease,Measurement 1,Evaluation10,2,C,2-C,Sample,B-Disease
data/raw/RFE423_Chip#2_C1975_C1981_Disease__2024-12-20T16_53_31-Measurement 1/Evaluation10/PlateResults.txt,4,C1979,1,1,54398,1235085,3027.851943,1739.093861,57.43655549,3739654517,35234.4087,246.2857143,2584.473684,107501.7691,140725.9757,130.9057301,1.32774E+11,21870677,2083,69293,10.95940592,7.386023024,67.39437406,13535797.87,238.1754704,1.766880344,9.187777791,0.901715922,0.087358731,9.688054577,1113695.81,1.065039903,0.346975225,0.912669973,12.80901367,5.139589081,40.1247841,15820220.65,114.2685365,5.248097611,11.79606935,2.338016471,0.729918074,31.2195437,2887649.072,16.00769988,1.435139896,2.169926036,4.821187519,1.829602007,37.94919819,5954576.387,30.55147319,1.783363289,4.427318128,0.508961568,0.110560631,21.72278581,628610.7986,0.909313972,0.130434783,0.50446035,22.70460311,0.000201467,1.976208116,0.055661089,105,0,,,,,Phenix,http://harmony.univ.pitt.edu/ODA/OdaService.asmx,5a1ff345-b735-46ba-9e21-408ffa3915d6,RFE423_Chip#2_C1975_C1981_Disease,Measurement 1,Evaluation10,2,D,2-D,Sample,B-Disease
data/raw/RFE423_Chip#2_C1975_C1981_Disease__2024-12-20T16_53_31-Measurement 1/Evaluation10/PlateResults.txt,5,C1980,1,1,43775,1157139,2897.174495,1641.782858,56.66841472,3352433599,27059.59907,237.7894737,2476.153846,103399.904,132632.0914,128.2710006,1.19648E+11,12135673,1951,67947,11.12408298,7.544154118,67.81821146,12872110.26,172.8008977,1.766880344,9.187777791,0.897826166,0.089575826,9.976967686,1038909.672,1.065039903,0.388358398,0.910136276,12.97917255,5.29971825,40.83248165,15018706.74,94.90543514,5.248097611,11.91469839,2.343840898,0.73055793,31.16926285,2712149.713,13.67245188,1.435139896,2.169926036,4.876018047,1.86731348,38.29586892,5642230.647,27.24969477,1.783363289,4.45993025,0.505332428,0.110784039,21.92300215,584739.8606,0.902536531,0.129233631,0.502610574,26.43378641,0.00025412,2.362076618,0.066183312,105,0,,,,,Phenix,http://harmony.univ.pitt.edu/ODA/OdaService.asmx,5a1ff345-b735-46ba-9e21-408ffa3915d6,RFE423_Chip#2_C1975_C1981_Disease,Measurement 1,Evaluation10,2,E,2-E,Sample,B-Disease
data/raw/RFE423_Chip#2_C1975_C1981_Disease__2024-12-20T16_53_31-Measurement 1/Evaluation10/PlateResults.txt,6,C1981,1,1,55245,1244835,2959.592801,1738.49236,58.74093083,3684204704,36208.55975,239.15625,2516.142857,106256.7673,139478.1975,131.265237,1.32272E+11,18965389,2152,67761,11.05145258,7.503145675,67.89284595,13757234.97,206.0182482,1.766880344,9.187777791,0.9007665,0.087808629,9.748212125,1121305.667,1.065039903,0.43327718,0.912234473,12.87330945,5.202545959,40.41343042,16025146.17,90.28375627,5.248097611,11.81270613,2.344752736,0.736736222,31.42063601,2918830.272,14.88608678,1.435139896,2.169926036,4.843101305,1.849079142,38.1796503,6028862.013,25.73292823,1.783363289,4.427353985,0.508221647,0.110443895,21.73144251,632652.0938,0.914998641,0.142170742,0.5036034,22.53298941,0.000200044,1.923373469,0.053572139,105,0,,,,,Phenix,http://harmony.univ.pitt.edu/ODA/OdaService.asmx,5a1ff345-b735-46ba-9e21-408ffa3915d6,RFE423_Chip#2_C1975_C1981_Disease,Measurement 1,Evaluation10,2,F,2-F,Sample,B-Disease
data/raw/RFE423_Chip#2_C1975_C1981_Disease__2024-12-20T16_53_31-Measurement 1/Evaluation10/PlateResults.txt,7,C1982,1,1,41727,110698,293.2350862,33.56868959,11.44770567,32460537.57,3003.933333,226.7,290.5625,14830.73828,7806.362769,52.63637334,1641733066,347374,1946,13178,17.79860047,8.716836867,48.9748443,1970269.475,118.7343592,2.473632482,15.9019231,0.746067639,0.119920564,16.07368529,82588.19553,1.065039903,0.346352958,0.744648666,20.59349635,7.937975354,38.54603036,2279658.859,91.54168739,5.248097611,19.07376134,2.765081874,0.657243643,23.76940984,306089.0333,10.54148636,1.435139896,2.870279864,6.948858512,2.252310935,32.41267513,769224.7395,26.39225144,1.949061758,6.612192107,0.420952374,0.107355195,25.50293149,46598.58585,0.871998485,0.128389475,0.414007467,2.652910585,0.000426549,0.355423066,0.007027466,105,0,,,,,Phenix,http://harmony.univ.pitt.edu/ODA/OdaService.asmx,5a1ff345-b735-46ba-9e21-408ffa3915d6,RFE423_Chip#2_C1975_C1981_Disease,Measurement 1,Evaluation10,2,G,2-G,Neg.,B-Disease
data/raw/RFE423_Chip#3_C1982_C1988_DMSO__2024-12-20T19_41_40-Measurement 1/Evaluation13/PlateResults.txt,1,C1983,1,1,49287,1187170,2738.887841,1592.706613,58.15158218,3251525478,32316.04435,240.8823529,2316.242311,99570.09991,128739.5002,129.295341,1.18207E+11,22588915,2106,63312,11.19983624,7.67367718,68.51597661,13296109.59,265.7388038,1.766880344,9.187777791,0.898498232,0.088895417,9.89377757,1066670.146,1.065039903,0.410900088,0.910687484,12.9956864,5.31481161,40.89673639,15428089.02,77.95977961,5.248097611,11.9191849,2.352597217,0.743838297,31.61774958,2792932.838,16.74084179,1.435139896,2.169926036,4.886134522,1.881803533,38.51313393,5800672.321,25.50142131,1.783363289,4.460431262,0.505875175,0.110579845,21.85911671,600559.8311,0.900714153,0.122663585,0.502610574,24.08687889,0.000227237,2.020210196,0.055570188,105,0,,,,,Phenix,http://harmony.univ.pitt.edu/ODA/OdaService.asmx,ff522e1c-3280-4f72-ae01-cd6ee0f66a3b,RFE423_Chip#3_C1982_C1988_DMSO,Measurement 1,Evaluation13,3,A,3-A,Sample,DMSO
data/raw/RFE423_Chip#3_C1982_C1988_DMSO__2024-12-20T19_41_40-Measurement 1/Evaluation13/PlateResults.txt,2,C1984,1,1,44695,1155500,2860.651961,1664.957688,58.20203614,3305483341,32331.58514,242,2422.698837,102515.3013,127921.8792,124.7832056,1.18456E+11,13239846,1887,65821,11.09881631,7.582370411,68.3169286,12824682.24,188.3494447,1.766880344,9.187777791,0.899256127,0.089145779,9.913280147,1039090.455,1.065039903,0.413852281,0.911299159,12.9339964,5.299125896,40.97052243,14945232.84,89.40848794,5.248097611,11.89806161,2.343596281,0.733510841,31.29851533,2708025.502,14.13081814,1.435139896,2.169926036,4.861637113,1.872944926,38.52498413,5617621.684,28.32449479,1.783363289,4.440194914,0.506779888,0.110816271,21.86674603,585584.1608,0.927913142,0.135901919,0.502610574,25.85300369,0.000248323,2.293663749,0.064003847,105,0,,,,,Phenix,http://harmony.univ.pitt.edu/ODA/OdaService.asmx,ff522e1c-3280-4f72-ae01-cd6ee0f66a3b,RFE423_Chip#3_C1982_C1988_DMSO,Measurement 1,Evaluation13,3,B,3-B,Sample,DMSO
data/raw/RFE423_Chip#3_C1982_C1988_DMSO__2024-12-20T19_41_40-Measurement 1/Evaluation13/PlateResults.txt,3,C1985,1,1,44262,1175379,3010.040718,1759.434388,58.45217899,3537938649,33340.78793,236.2666667,2566.071429,110209.4918,153017.8152,138.8426829,1.29538E+11,21829137,2030,70538,11.28151489,7.856174551,69.63758525,13260055.69,298.2494022,1.766880344,9.187777791,0.896963855,0.090307785,10.06816322,1054272.479,1.065039903,0.39271151,0.909615298,13.07165074,5.432644641,41.56050946,15364143.77,96.55540062,5.248097611,11.93133517,2.356545844,0.748802291,31.77541796,2769834.497,18.46643918,1.435139896,2.169926036,4.905933925,1.908188861,38.89552712,5766331.711,29.98310596,1.783363289,4.50255354,0.50526405,0.111211623,22.01059475,593876.7543,0.919085192,0.112595817,0.502610574,26.55503592,0.00025488,2.489934747,0.068005077,105,0,,,,,Phenix,http://harmony.univ.pitt.edu/ODA/OdaService.asmx,ff522e1c-3280-4f72-ae01-cd6ee0f66a3b,RFE423_Chip#3_C1982_C1988_DMSO,Measurement 1,Evaluation13,3,C,3-C,Sample,DMSO
data/raw/RFE423_Chip#3_C1982_C1988_DMSO__2024-12-20T19_41_40-Measurement 1/Evaluation13/PlateResults.txt,4,C1986,1,1,38886,1025318,2763.841536,1559.893814,56.43933612,2833816476,31784.38877,222.25,2355.618132,97288.77078,125684.3672,129.1869208,99751927874,16350483,2086,63538.5,10.94919819,7.424031072,67.80433549,11226409.99,192.2365815,1.766880344,9.187777791,0.900201078,0.089072097,9.894689048,922992.3687,1.065039903,0.403259154,0.912212307,12.84072228,5.233010427,40.75324044,13165823.69,112.3208167,5.248097611,11.79606935,2.329838395,0.723198842,31.04072984,2388825.243,14.69962303,1.435139896,2.169926036,4.826949287,1.847353848,38.27166473,4949157.989,31.68915099,1.783363289,4.427318128,0.507491556,0.111123213,21.89656399,520340.2272,0.917087075,0.129234262,0.502610574,26.36727871,0.000281572,2.501897104,0.071075491,105,0,,,,,Phenix,http://harmony.univ.pitt.edu/ODA/OdaService.asmx,ff522e1c-3280-4f72-ae01-cd6ee0f66a3b,RFE423_Chip#3_C1982_C1988_DMSO,Measurement 1,Evaluation13,3,D,3-D,Sample,DMSO
data/raw/RFE423_Chip#3_C1982_C1988_DMSO__2024-12-20T19_41_40-Measurement 1/Evaluation13/PlateResults.txt,5,C1987,1,1,47371,1125513,2565.064442,1658.641943,64.66277868,2887013375,36193.82266,218.6785714,2146.647059,94072.63123,127888.0004,135.9460225,1.0588E+11,22042038,2025,57785,11.41823509,7.84332211,68.69119483,12851372.03,215.206026,1.766880344,9.54115386,0.895776306,0.090104974,10.05886997,1008207.878,1.065039903,0.40759362,0.908255619,13.17101741,5.420746439,41.15662649,14824151.32,88.64246024,5.248097611,12.03781393,2.371124946,0.751358452,31.6878473,2668731.952,15.60477403,1.435139896,2.169926036,4.942975044,1.906958313,38.57916126,5563382.671,28.8191981,1.783363289,4.630753639,0.504088528,0.110731289,21.96663539,567358.1917,0.91688914,0.129168275,0.502610554,23.75953643,0.000241039,1.985869651,0.054148412,105,0,,,,,Phenix,http://harmony.univ.pitt.edu/ODA/OdaService.asmx,ff522e1c-3280-4f72-ae01-cd6ee0f66a3b,RFE423_Chip#3_C1982_C1988_DMSO,Measurement 1,Evaluation13,3,E,3-E,Sample,DMSO
data/raw/RFE423_Chip#3_C1982_C1988_DMSO__2024-12-20T19_41_40-Measurement 1/Evaluation13/PlateResults.txt,6,C1988,1,1,47158,1148462,2624.696554,1567.925052,59.73738375,3014364253,29803.15701,238.9722222,2202.071068,95351.45183,122466.6981,128.4371614,1.09508E+11,15944689,2300,59992.5,11.23598956,7.697361329,68.50630544,12904107.05,217.6796584,1.766880344,9.187777791,0.897703501,0.089054509,9.920258651,1030978.358,1.065039903,0.43740818,0.909637288,13.02978519,5.332490254,40.92538883,14964213.16,82.25708875,5.248097611,11.9236714,2.353715428,0.743087434,31.57082734,2703152.728,15.98633169,1.435139896,2.169926036,4.898138921,1.887355855,38.53210139,5625326.422,25.17293775,1.783363289,4.502553682,0.504978862,0.110392192,21.8607551,579949.0337,0.916909366,0.112578828,0.502610574,24.35349251,0.000238263,2.021957077,0.055657504,105,0,,,,,Phenix,http://harmony.univ.pitt.edu/ODA/OdaService.asmx,ff522e1c-3280-4f72-ae01-cd6ee0f66a3b,RFE423_Chip#3_C1982_C1988_DMSO,Measurement 1,Evaluation13,3,F,3-F,Sample,DMSO
data/raw/RFE423_Chip#3_C1982_C1988_DMSO__2024-12-20T19_41_40-Measurement 1/Evaluation13/PlateResults.txt,7,C1989,1,1,42244,138172,298.0367864,36.84236908,12.36168512,41180338.85,2010.307692,227.5263158,293.9801961,15324.76461,8435.253787,55.04328452,2117453376,303166,1721,13487,18.04369328,8.985832083,49.80040364,2493133.187,112.0202138,2.120256413,16.25529917,0.745878995,0.118777563,15.92450835,103059.5925,1.065039903,0.33429478,0.745024765,20.70927645,7.993272149,38.59754429,2861442.146,102.8098494,5.359062882,19.19687688,2.780618581,0.675079424,24.27803038,384203.6305,9.606250834,1.435139896,2.870279864,6.999314119,2.279228045,32.56359132,967109.2305,25.79265849,1.949061758,6.650676627,0.419816396,0.10674299,25.42611262,58006.87111,0.871998485,0.120638011,0.412871102,3.270807689,0.00042713,0.36276784,0.007055127,105,0,,,,,Phenix,http://harmony.univ.pitt.edu/ODA/OdaService.asmx,ff522e1c-3280-4f72-ae01-cd6ee0f66a3b,RFE423_Chip#3_C1982_C1988_DMSO,Measurement 1,Evaluation13,3,G,3-G,Neg.,DMSO
data/raw/RFE423_Chip#4_C1990_C1996_Disease+0.3 uM Resmetirom__2024-12-21T00_19_46-Measurement 1/Evaluation6/PlateResults.txt,1,C1990,1,1,44019,1187945,3172.417465,1905.488029,60.06422706,3768657465,44519.8191,242.5652174,2700.230769,118477.6121,149715.5537,126.3661134,1.40745E+11,14549659,2006,76293,11.60424756,8.051033652,69.38005769,13785207.87,241.002479,1.766880344,9.54115386,0.893073365,0.091692222,10.26704247,1060922.039,1.065039903,0.36899488,0.904561008,13.32617207,5.579637333,41.86976802,15830759.48,108.3226829,5.248097611,12.16092947,2.383023434,0.758175238,31.81568537,2830900.773,15.6047746,1.435139896,2.169926036,4.991549617,1.945988403,38.9856568,5929686.41,29.24927185,1.783363289,4.632149102,0.502265812,0.111020198,22.10387325,596664.1599,0.909539147,0.122013376,0.501277483,26.98709648,0.000263619,2.691510759,0.072069276,105,0,,,,,Phenix,http://harmony.univ.pitt.edu/ODA/OdaService.asmx,65f39b7f-9b1f-41ba-a5ef-f088489f745c,RFE423_Chip#4_C1990_C1996_Disease+0.3 uM Resmetirom,Measurement 1,Evaluation6,4,A,4-A,Sample,Res  0.3uM
data/raw/RFE423_Chip#4_C1990_C1996_Disease+0.3 uM Resmetirom__2024-12-21T00_19_46-Measurement 1/Evaluation6/PlateResults.txt,2,C1991,1,1,43829,1201810,3366.391458,1967.943821,58.45855557,4045762918,35993.07071,251.95,2871.75974,123492.2176,146429.6623,118.5740001,1.48414E+11,13165984,1939,80319,11.46338695,7.967212048,69.50137935,13776813.07,165.0266242,1.766880344,9.54115386,0.894799667,0.091369164,10.21113075,1075379.188,1.065039903,0.431578688,0.907271797,13.21832637,5.542394103,41.92962066,15885916.81,89.88879984,5.248097611,12.03781393,2.370772965,0.750516474,31.65703698,2849218.657,13.67245188,1.435139896,2.169926036,4.954042585,1.937204087,39.1035009,5953817.919,27.67708248,1.783363289,4.630753639,0.503690098,0.111000793,22.03751734,605339.7968,0.934680072,0.126889997,0.502342919,27.4204294,0.000261548,2.817591494,0.076807398,105,0,,,,,Phenix,http://harmony.univ.pitt.edu/ODA/OdaService.asmx,65f39b7f-9b1f-41ba-a5ef-f088489f745c,RFE423_Chip#4_C1990_C1996_Disease+0.3 uM Resmetirom,Measurement 1,Evaluation6,4,B,4-B,Sample,Res  0.3uM
data/raw/RFE423_Chip#4_C1990_C1996_Disease+0.3 uM Resmetirom__2024-12-21T00_19_46-Measurement 1/Evaluation6/PlateResults.txt,3,C1992,1,1,39493,1150696,2495.773507,1351.048203,54.13344595,2871876592,24173.09351,225.5,2158.047065,91486.79248,103993.6321,113.6706505,1.05273E+11,12666701,1994,61244,11.56103048,7.940927153,68.68701854,13303231.53,185.1690601,1.766880344,9.54115386,0.891849765,0.092372128,10.3573642,1026247.957,1.065039903,0.372799519,0.903456884,13.33977943,5.588366929,41.89249873,15350030.83,98.7183928,5.248097611,12.16092947,2.373782923,0.741547286,31.23905217,2731502.514,14.13081871,1.435139896,2.169926036,4.994853249,1.943152455,38.90309401,5747557.654,26.73513013,1.783363289,4.635254951,0.500475081,0.110733238,22.1256247,575894.6739,0.897308459,0.12680305,0.499301979,29.13670777,0.000292736,2.316531853,0.063195339,105,0,,,,,Phenix,http://harmony.univ.pitt.edu/ODA/OdaService.asmx,65f39b7f-9b1f-41ba-a5ef-f088489f745c,RFE423_Chip#4_C1990_C1996_Disease+0.3 uM Resmetirom,Measurement 1,Evaluation6,4,C,4-C,Sample,Res  0.3uM
data/raw/RFE423_Chip#4_C1990_C1996_Disease+0.3 uM Resmetirom__2024-12-21T00_19_46-Measurement 1/Evaluation6/PlateResults.txt,4,C1993,1,1,39772,1155713,3446.9168,1938.80598,56.24754217,3983646555,37129.18982,234.0322581,2963.478261,125678.5553,148125.8126,117.8608492,1.45248E+11,18973016,2075,82927,11.42860267,7.924284399,69.33729894,13208184.68,215.559402,1.766880344,9.187777791,0.893396626,0.092208753,10.3211441,1032510.095,1.065039903,0.364146875,0.905352755,13.23007165,5.571448199,42.11200321,15290165.8,104.4854247,5.248097611,12.04230044,2.362815801,0.7432478,31.45601954,2730736.937,15.28400676,1.435139896,2.169926036,4.955663687,1.939884278,39.14479273,5727324.946,30.08966235,1.783363289,4.630753639,0.502290542,0.111198726,22.13832769,580503.7093,0.904596969,0.122920513,0.500841936,29.05845821,0.000287353,3.159975745,0.086666921,105,0,,,,,Phenix,http://harmony.univ.pitt.edu/ODA/OdaService.asmx,65f39b7f-9b1f-41ba-a5ef-f088489f745c,RFE423_Chip#4_C1990_C1996_Disease+0.3 uM Resmetirom,Measurement 1,Evaluation6,4,D,4-D,Sample,Res  0.3uM
data/raw/RFE423_Chip#4_C1990_C1996_Disease+0.3 uM Resmetirom__2024-12-21T00_19_46-Measurement 1/Evaluation6/PlateResults.txt,5,C1994,1,1,37929,1171027,3275.536876,1822.90992,55.65224843,3835742122,37526.69718,247.75,2818.444444,119068.836,136452.7001,114.5998438,1.39433E+11,15986373,2163,79219,11.43867351,7.880981749,68.89768942,13394995.52,211.6722653,1.766880344,9.54115386,0.892555171,0.092537821,10.36774241,1045206.204,1.065039903,0.35782537,0.904437392,13.25607852,5.571196918,42.02748883,15523225.86,113.7383142,5.248097611,12.05445071,2.362314091,0.739270014,31.29431505,2766333.583,15.42393579,1.435139896,2.169926036,4.96313417,1.936290242,39.01345753,5811964.118,28.20010664,1.783363289,4.630753639,0.501398412,0.110872453,22.11264535,587151.0779,0.909988458,0.120532902,0.5,30.87418598,0.000301581,3.139255874,0.086359695,105,0,,,,,Phenix,http://harmony.univ.pitt.edu/ODA/OdaService.asmx,65f39b7f-9b1f-41ba-a5ef-f088489f745c,RFE423_Chip#4_C1990_C1996_Disease+0.3 uM Resmetirom,Measurement 1,Evaluation6,4,E,4-E,Sample,Res  0.3uM
data/raw/RFE423_Chip#4_C1990_C1996_Disease+0.3 uM Resmetirom__2024-12-21T00_19_46-Measurement 1/Evaluation6/PlateResults.txt,6,C1995,1,1,37018,1145370,3478.454899,2024.857263,58.21139908,3984117888,33676.12,236.8148148,2966.049043,129073.0773,148123.837,114.7596696,1.47836E+11,10001852,2198,84207.5,11.65090528,8.198866032,70.37106417,13344597.38,201.0709832,1.766880344,9.54115386,0.891096872,0.093386848,10.47998835,1020635.624,1.065039903,0.40077775,0.902569718,13.39507379,5.73031034,42.77923683,15342315.66,115.0714619,5.248097611,12.16092947,2.37818352,0.753444877,31.68152797,2723900.058,12.25716726,1.435139896,2.169926036,5.010111993,1.983043674,39.58082527,5738431.974,30.67759384,1.783363289,4.635254951,0.500459303,0.111072494,22.19411122,573211.0723,0.886487177,0.128786169,0.499301979,30.94089362,0.000314736,3.486765285,0.093966581,105,0,,,,,Phenix,http://harmony.univ.pitt.edu/ODA/OdaService.asmx,65f39b7f-9b1f-41ba-a5ef-f088489f745c,RFE423_Chip#4_C1990_C1996_Disease+0.3 uM Resmetirom,Measurement 1,Evaluation6,4,F,4-F,Sample,Res  0.3uM
data/raw/RFE423_Chip#4_C1990_C1996_Disease+0.3 uM Resmetirom__2024-12-21T00_19_46-Measurement 1/Evaluation6/PlateResults.txt,7,C1996,1,1,36490,103998,299.889369,90.70533063,30.24626412,31187894.6,27247.88235,217.547619,295.1825758,15236.81365,8189.872363,53.75055803,1584598146,463214,1564,13457,17.90010272,8.955142373,50.02844124,1861574.883,116.9674788,2.120256413,15.9019231,0.743959477,0.121211366,16.29273768,77370.29767,1.065039903,0.320238077,0.742733202,20.74141265,8.234640234,39.70144355,2157065.433,94.46636413,5.248097611,19.16808983,2.759206897,0.660544823,23.93966267,286951.9989,8.95382585,1.435139896,2.870279793,6.98626514,2.320860592,33.22033369,726557.6021,26.52063409,1.949061758,6.619983516,0.418514307,0.106976266,25.5609579,43524.65091,0.871998485,0.12904934,0.410900417,2.850041107,0.000490548,0.41756135,0.008218399,105,0,,,,,Phenix,http://harmony.univ.pitt.edu/ODA/OdaService.asmx,65f39b7f-9b1f-41ba-a5ef-f088489f745c,RFE423_Chip#4_C1990_C1996_Disease+0.3 uM Resmetirom,Measurement 1,Evaluation6,4,G,4-G,Neg.,Res  0.3uM
data/raw/RFE423_Chip#5_C1997_C2003_Disease+0.8uM_Resmetirom__2024-12-21T10_50_49-Measurement 1/Evaluation9/PlateResults.txt,1,C1997,1,1,42229,1123718,2827.516969,1615.05396,57.11916067,3177331713,37673.6261,244.9444444,2416.428571,104339.6764,124779.3075,119.5895098,1.17248E+11,25693413,2102,68244,11.58905095,7.950198435,68.60094475,13022825.15,241.002479,1.766880344,9.54115386,0.892519422,0.091263325,10.22536006,1002940.14,1.065039903,0.408400573,0.903752652,13.3312789,5.533881034,41.51050378,14980598.07,85.7096728,5.248097611,12.16541598,2.380155584,0.749836536,31.50367735,2674623.672,16.00769988,1.435139896,2.169926036,4.996304346,1.93364871,38.70157973,5614437.127,28.33190438,1.783363289,4.635265156,0.501003479,0.110253879,22.00660939,562986.6279,0.89072312,0.126164453,0.499855893,26.61010206,0.000274433,2.470806232,0.066956759,105,0,,,,,Phenix,http://harmony.univ.pitt.edu/ODA/OdaService.asmx,f38932d0-4893-492d-ac61-a7cb02c695c4,RFE423_Chip#5_C1997_C2003_Disease+0.8uM_Resmetirom,Measurement 1,Evaluation9,5,A,5-A,Sample,Res 0.8uM
data/raw/RFE423_Chip#5_C1997_C2003_Disease+0.8uM_Resmetirom__2024-12-21T10_50_49-Measurement 1/Evaluation9/PlateResults.txt,2,C1998,1,1,44148,1163888,2882.64026,1619.759033,56.19012039,3355070407,28613.85714,252.7222222,2465.151923,105329.15,123563.131,117.311429,1.22591E+11,13132820,1664,68883,11.39709203,7.813877675,68.56027535,13264938.64,198.2439747,1.766880344,9.187777791,0.895416299,0.09028578,10.0831066,1042164.285,1.065039903,0.401282157,0.907507852,13.17029769,5.447587939,41.36267887,15328751.44,104.6230055,5.248097611,12.03781393,2.36501486,0.742868006,31.41071197,2752612.415,13.67245188,1.435139896,2.169926036,4.942589071,1.912678313,38.69790276,5752620.109,26.2005715,1.783363289,4.630753639,0.503221916,0.11029723,21.91820865,585693.9494,0.896604728,0.11620818,0.502342919,26.36332337,0.000258156,2.385819289,0.065294923,105,0,,,,,Phenix,http://harmony.univ.pitt.edu/ODA/OdaService.asmx,f38932d0-4893-492d-ac61-a7cb02c695c4,RFE423_Chip#5_C1997_C2003_Disease+0.8uM_Resmetirom,Measurement 1,Evaluation9,5,B,5-B,Sample,Res 0.8uM
data/raw/RFE423_Chip#5_C1997_C2003_Disease+0.8uM_Resmetirom__2024-12-21T10_50_49-Measurement 1/Evaluation9/PlateResults.txt,3,C1999,1,1,43177,1155887,2783.821225,1608.840725,57.79253029,3217782764,60207.29126,242.45,2379.846154,100998.747,142526.3944,141.1169926,1.16743E+11,25959994,2142,65627,11.26644823,7.732478309,68.63279492,13022741.05,246.30312,1.766880344,9.187777791,0.896647559,0.090124154,10.05123504,1036423.257,1.065039903,0.409058382,0.909276272,13.0767568,5.400325165,41.2971293,15115253.19,88.88955365,5.248097611,11.93582168,2.354187278,0.738055996,31.35077667,2721174.47,16.05027073,1.435139896,2.169926036,4.909111226,1.898322693,38.66937631,5674377.848,30.61152659,1.783363289,4.630753639,0.504376098,0.110567063,21.921551,583001.7746,0.913198519,0.097096497,0.502610574,26.77089654,0.000260936,2.339179355,0.064474633,105,0,,,,,Phenix,http://harmony.univ.pitt.edu/ODA/OdaService.asmx,f38932d0-4893-492d-ac61-a7cb02c695c4,RFE423_Chip#5_C1997_C2003_Disease+0.8uM_Resmetirom,Measurement 1,Evaluation9,5,C,5-C,Sample,Res 0.8uM
data/raw/RFE423_Chip#5_C1997_C2003_Disease+0.8uM_Resmetirom__2024-12-21T10_50_49-Measurement 1/Evaluation9/PlateResults.txt,4,C2000,1,1,46342,1184708,2839.697885,1625.563731,57.24424909,3364212802,29243.26829,254.9411765,2426.304952,104025.9217,130695.4215,125.6373598,1.2324E+11,17897114,2182,67106,11.33620835,7.79026433,68.72019364,13430096.72,253.0172653,1.766880344,9.187777791,0.896499146,0.089750139,10.01117958,1062089.711,1.065039903,0.413495721,0.908899365,13.11006102,5.401970404,41.20476936,15531594.16,109.4838104,5.248097611,12.02566366,2.362964047,0.748046136,31.65711037,2799422.411,16.00916196,1.435139896,2.169926036,4.921889921,1.9015285,38.63411272,5831002.365,37.04140534,1.783363289,4.630753639,0.50451949,0.110520552,21.90610158,597708.2764,0.89645573,0.131741588,0.502610564,25.56445557,0.000244621,2.244743898,0.061276982,105,0,,,,,Phenix,http://harmony.univ.pitt.edu/ODA/OdaService.asmx,f38932d0-4893-492d-ac61-a7cb02c695c4,RFE423_Chip#5_C1997_C2003_Disease+0.8uM_Resmetirom,Measurement 1,Evaluation9,5,D,5-D,Sample,Res 0.8uM
data/raw/RFE423_Chip#5_C1997_C2003_Disease+0.8uM_Resmetirom__2024-12-21T10_50_49-Measurement 1/Evaluation9/PlateResults.txt,5,C2001,1,1,45307,1183940,2890.953241,1652.639912,57.16591636,3422715180,35371.06407,244.8717949,2467.34613,106799.0896,130274.8646,121.9812501,1.26444E+11,15079966,2049,68503,11.418611,7.870996531,68.93129585,13518950.31,158.6658549,1.766880344,9.187777791,0.895264526,0.090281945,10.08438765,1059939.483,1.065039903,0.409307374,0.907182368,13.17731752,5.465688011,41.47800191,15601153.3,88.74344681,5.248097611,12.03781393,2.367149457,0.749559601,31.6650729,2802562.929,13.09696022,1.435139896,2.169926036,4.944810694,1.920857968,38.84593541,5854359.173,29.62415635,1.783363289,4.630753639,0.50343294,0.110341176,21.91775055,596034.3953,0.913198519,0.125370824,0.502342919,26.13150286,0.000252028,2.357231544,0.063808092,105,0,,,,,Phenix,http://harmony.univ.pitt.edu/ODA/OdaService.asmx,f38932d0-4893-492d-ac61-a7cb02c695c4,RFE423_Chip#5_C1997_C2003_Disease+0.8uM_Resmetirom,Measurement 1,Evaluation9,5,E,5-E,Sample,Res 0.8uM
data/raw/RFE423_Chip#5_C1997_C2003_Disease+0.8uM_Resmetirom__2024-12-21T10_50_49-Measurement 1/Evaluation9/PlateResults.txt,6,C2002,1,1,43939,1169616,2995.023127,1722.555493,57.5139296,3503026970,34853.27974,242.3902439,2561.969697,110066.0946,133327.4585,121.133996,1.28735E+11,26662759,2174,71415,11.44593842,7.88466571,68.88614479,13387352.71,270.3326927,1.766880344,9.54115386,0.894504556,0.090543834,10.12223283,1046226.841,1.065039903,0.42561025,0.906485241,13.20934082,5.481079313,41.49396542,15449856.37,86.41105292,5.248097611,12.05445071,2.368194746,0.747531177,31.56544361,2769878.466,17.26038225,1.435139896,2.169926036,4.955089244,1.922895958,38.80648488,5795551.662,26.93327178,1.783363289,4.630753639,0.502639648,0.110259329,21.93605892,587895.3749,0.89645573,0.114055091,0.501680998,26.61908555,0.000260496,2.504974955,0.068163206,105,0,,,,,Phenix,http://harmony.univ.pitt.edu/ODA/OdaService.asmx,f38932d0-4893-492d-ac61-a7cb02c695c4,RFE423_Chip#5_C1997_C2003_Disease+0.8uM_Resmetirom,Measurement 1,Evaluation9,5,F,5-F,Sample,Res 0.8uM
data/raw/RFE423_Chip#5_C1997_C2003_Disease+0.8uM_Resmetirom__2024-12-21T10_50_49-Measurement 1/Evaluation9/PlateResults.txt,7,C2003,1,1,43211,131344,305.0155293,36.2346876,11.87962058,40061959.68,2053.94,226.7878788,301.1354895,15694.94568,8470.738596,53.971124,2061436946,277964,1799,13815,18.0716329,9.013529901,49.87667662,2373600.552,169.9738891,2.120256413,16.25529917,0.746306549,0.119148556,15.96509586,98022.88735,1.065039903,0.357515121,0.745369493,20.71803155,8.02678192,38.74297565,2721189.137,90.868232,5.248097611,19.18472661,2.784187345,0.675383403,24.25782892,365686.3027,10.07259757,1.435139896,2.870279793,7.000647257,2.284104264,32.62704404,919493.0133,30.50306311,1.949061758,6.6484923,0.420245686,0.106546654,25.35341994,55196.74943,0.871998485,0.11356274,0.412695019,3.039596399,0.000418218,0.363216442,0.007058747,105,0,,,,,Phenix,http://harmony.univ.pitt.edu/ODA/OdaService.asmx,f38932d0-4893-492d-ac61-a7cb02c695c4,RFE423_Chip#5_C1997_C2003_Disease+0.8uM_Resmetirom,Measurement 1,Evaluation9,5,G,5-G,Neg.,Res 0.8uM
data/raw/RFE423_Chip#6_C2004_C2010_Disease+2.5uM_Resmetirom__2024-12-21T13_31_52-Measurement 1/Evaluation9/PlateResults.txt,1,C2004,1,1,43334,1177472,2794.667715,1592.735254,56.99193667,3290642983,34789.62,230.5789474,2402.120192,102784.0538,124010.0386,120.6510485,1.21025E+11,13902341,2101,66922.5,11.43331748,7.826483682,68.45330497,13462411.2,224.7471798,1.766880344,9.54115386,0.895374871,0.089852187,10.03514725,1054278.84,1.065039903,0.427504815,0.907090131,13.18705489,5.43178168,41.1902561,15527387.89,87.90145204,5.248097611,12.04230044,2.369768967,0.746118502,31.48486254,2790336.605,15.6047746,1.435139896,2.169926036,4.950417934,1.912279028,38.6286381,5828978.506,26.862049,1.783363289,4.630753639,0.503220871,0.110115902,21.88222077,592528.4853,0.914090738,0.128174451,0.502342899,27.17201274,0.000263842,2.371903213,0.06449134,105,0,,,,,Phenix,http://harmony.univ.pitt.edu/ODA/OdaService.asmx,77dcaed0-c0fc-46be-ab20-4187538ded39,RFE423_Chip#6_C2004_C2010_Disease+2.5uM_Resmetirom,Measurement 1,Evaluation9,6,A,6-A,Sample,Res 2.5uM
data/raw/RFE423_Chip#6_C2004_C2010_Disease+2.5uM_Resmetirom__2024-12-21T13_31_52-Measurement 1/Evaluation9/PlateResults.txt,2,C2005,1,1,46286,1169049,2994.553373,1665.686339,55.62386545,3500779626,28996.12941,235.125,2575.034483,108001.5505,125260.9479,115.9806941,1.26259E+11,16215288,1866,71414,11.2723296,7.605191334,67.46778706,13177905.65,221.9201713,1.766880344,9.187777791,0.897355025,0.088757736,9.891039111,1049051.994,1.065039903,0.41079625,0.90955159,13.06483597,5.307631493,40.62532054,15273433.43,85.37621823,5.248097611,12.02566366,2.359839559,0.735640974,31.173347,2758768.077,12.76648509,1.435139896,2.169926036,4.910183369,1.876514062,38.21678176,5740244.957,27.19182513,1.783363289,4.630753639,0.504833008,0.109943315,21.77815495,590174.5237,0.913198519,0.124846924,0.502610574,25.25707557,0.000243536,2.333352428,0.064696741,105,0,,,,,Phenix,http://harmony.univ.pitt.edu/ODA/OdaService.asmx,77dcaed0-c0fc-46be-ab20-4187538ded39,RFE423_Chip#6_C2004_C2010_Disease+2.5uM_Resmetirom,Measurement 1,Evaluation9,6,B,6-B,Sample,Res 2.5uM
data/raw/RFE423_Chip#6_C2004_C2010_Disease+2.5uM_Resmetirom__2024-12-21T13_31_52-Measurement 1/Evaluation9/PlateResults.txt,3,C2006,1,1,50898,1210599,2617.92599,1508.781574,57.63270541,3169258585,27522.08152,237.2307692,2233.3125,94750.1495,114737.8338,121.095148,1.14704E+11,9532050,2057,61073,11.21230091,7.597949465,67.76440915,13573600.27,161.4928635,1.766880344,9.187777791,0.898574853,0.088167551,9.811931701,1087813.818,1.065039903,0.443325753,0.910592467,13.00279301,5.276752321,40.58168362,15741168.21,87.40450336,5.248097611,11.9191849,2.355172714,0.738406796,31.35255395,2851169.732,12.76648566,1.435139896,2.169926036,4.89052412,1.872277008,38.28377004,5920463.61,30.70823678,1.783363289,4.468317629,0.505688947,0.109949019,21.74242082,612186.5338,0.898796019,0.14023783,0.502610574,23.7848049,0.00022029,1.861569207,0.051434752,105,0,,,,,Phenix,http://harmony.univ.pitt.edu/ODA/OdaService.asmx,77dcaed0-c0fc-46be-ab20-4187538ded39,RFE423_Chip#6_C2004_C2010_Disease+2.5uM_Resmetirom,Measurement 1,Evaluation9,6,C,6-C,Sample,Res 2.5uM
data/raw/RFE423_Chip#6_C2004_C2010_Disease+2.5uM_Resmetirom__2024-12-21T13_31_52-Measurement 1/Evaluation9/PlateResults.txt,4,C2007,1,1,45397,1172337,2719.995385,1512.148136,55.5937758,3188751229,30872.97333,243.2142857,2336.25,98012.26384,115135.8664,117.4708775,1.14903E+11,13639222,2062,64339,11.22921119,7.641874919,68.05353278,13164419.76,192.5899576,1.766880344,9.187777791,0.897843828,0.089108156,9.924683226,1052575.54,1.065039903,0.441313756,0.909839866,13.03142438,5.332533871,40.92057563,15277220.97,83.2145353,5.248097611,11.93133517,2.353938775,0.735848703,31.26031615,2759609.522,14.77090987,1.435139896,2.169926036,4.896837829,1.883761768,38.4689433,5740744.17,24.45097373,1.783363289,4.502553682,0.505296024,0.110205446,21.81007575,592377.2245,0.898677011,0.123312391,0.502610574,25.82410732,0.000247356,2.159003102,0.059915752,105,0,,,,,Phenix,http://harmony.univ.pitt.edu/ODA/OdaService.asmx,77dcaed0-c0fc-46be-ab20-4187538ded39,RFE423_Chip#6_C2004_C2010_Disease+2.5uM_Resmetirom,Measurement 1,Evaluation9,6,D,6-D,Sample,Res 2.5uM
data/raw/RFE423_Chip#6_C2004_C2010_Disease+2.5uM_Resmetirom__2024-12-21T13_31_52-Measurement 1/Evaluation9/PlateResults.txt,5,C2008,1,1,42964,1161702,2682.643277,1473.492275,54.92688078,3116432060,44081.30526,245.1904762,2307.142857,95791.99781,112739.3493,117.6918238,1.11282E+11,23955798,2080,63453,11.17341571,7.530036433,67.39243067,12980179.37,259.3780346,1.766880344,9.187777791,0.897055826,0.089335578,9.958753415,1042111.548,1.065039903,0.417663046,0.909276409,13.02111188,5.306105427,40.75001793,15126651.72,91.37646863,5.248097611,11.9236714,2.346006657,0.725430904,30.92194566,2725360.626,17.23917903,1.435139896,2.169926036,4.89280941,1.872226258,38.26485157,5683986.477,24.5291571,1.783363289,4.496551884,0.50410517,0.110107967,21.84226093,585619.9846,0.915830894,0.139049146,0.502610554,27.03896285,0.000260065,2.229587511,0.062439328,105,0,,,,,Phenix,http://harmony.univ.pitt.edu/ODA/OdaService.asmx,77dcaed0-c0fc-46be-ab20-4187538ded39,RFE423_Chip#6_C2004_C2010_Disease+2.5uM_Resmetirom,Measurement 1,Evaluation9,6,E,6-E,Sample,Res 2.5uM
data/raw/RFE423_Chip#6_C2004_C2010_Disease+2.5uM_Resmetirom__2024-12-21T13_31_52-Measurement 1/Evaluation9/PlateResults.txt,6,C2009,1,1,45804,1200192,2899.617854,1634.946358,56.38489071,3480098151,25965.48718,251,2496.538462,105805.3718,123352.7882,116.5846177,1.26987E+11,11170434,1979,69051,11.33749281,7.743160248,68.29693634,13607168.17,161.1394874,1.766880344,9.187777791,0.896663315,0.089187697,9.946620522,1076168.138,1.065039903,0.413584131,0.908722901,13.10901207,5.381561649,41.05238151,15733331.42,104.7924072,5.248097611,12.02566366,2.363169009,0.742237853,31.40858104,2836256.539,13.67245188,1.435139896,2.169926036,4.924624315,1.8991431,38.56422295,5910494.705,30.96714161,1.783363289,4.630753639,0.504258832,0.109900351,21.79443248,605207.4165,0.900044276,0.124502807,0.502610564,26.20277705,0.000247522,2.309959213,0.063304905,105,0,,,,,Phenix,http://harmony.univ.pitt.edu/ODA/OdaService.asmx,77dcaed0-c0fc-46be-ab20-4187538ded39,RFE423_Chip#6_C2004_C2010_Disease+2.5uM_Resmetirom,Measurement 1,Evaluation9,6,F,6-F,Sample,Res 2.5uM
data/raw/RFE423_Chip#6_C2004_C2010_Disease+2.5uM_Resmetirom__2024-12-21T13_31_52-Measurement 1/Evaluation9/PlateResults.txt,7,C2010,1,1,47202,122768,291.0543401,32.28103482,11.09106801,35732159.23,4076.282051,218.6363636,288.5,15042.68344,7808.684318,51.9101818,1846760160,181987,1926,13364,18.17823226,8.860055739,48.73991933,2231705.218,119.7944874,2.120256413,16.25529917,0.742392949,0.119589773,16.1086892,91142.09757,1.065039903,0.357013476,0.741372087,20.91796609,8.045266111,38.4610343,2568056.86,87.71178938,5.359062882,19.39768414,2.792793384,0.663759279,23.76685948,342865.6582,8.996072141,1.435139896,2.870279864,7.039560486,2.272973356,32.28856915,864232.7618,24.47520485,1.949061758,6.70423941,0.419352188,0.106717483,25.448176,51483.02948,0.871998485,0.129362895,0.412306348,2.600906741,0.000385116,0.318687417,0.006166144,105,0,,,,,Phenix,http://harmony.univ.pitt.edu/ODA/OdaService.asmx,77dcaed0-c0fc-46be-ab20-4187538ded39,RFE423_Chip#6_C2004_C2010_Disease+2.5uM_Resmetirom,Measurement 1,Evaluation9,6,G,6-G,Neg.,Res 2.5uM
data/raw/RFE423_Chip#7_C2011_C2017_Disease+7.5uM_Resmetirom__2024-12-21T16_10_40-Measurement 1/Evaluation10/PlateResults.txt,1,C2011,1,1,43141,1178818,2863.35658,1579.591905,55.16574207,3375376276,22372.68421,242.025,2463.222222,104743.9192,119182.6602,113.7848011,1.23474E+11,9515889,1992,68658,11.38314256,7.73005677,67.90793254,13418653.35,168.5603849,1.766880344,9.54115386,0.895434765,0.089095759,9.950000033,1055554.619,1.065039903,0.426286229,0.906785283,13.15463337,5.377087397,40.87599591,15506918.6,77.40974333,5.248097611,12.04230044,2.365216142,0.741519174,31.35101107,2788159.362,13.72414271,1.435139896,2.169926036,4.941018331,1.895219263,38.35685554,5824561.347,24.32933965,1.783363289,4.630753639,0.502843342,0.109495158,21.77520293,592760.7822,0.911060904,0.124073585,0.502336582,27.32477226,0.000263859,2.427943701,0.066372049,105,0,,,,,Phenix,http://harmony.univ.pitt.edu/ODA/OdaService.asmx,a5b19e58-e403-4cc1-82d3-df28adb4908c,RFE423_Chip#7_C2011_C2017_Disease+7.5uM_Resmetirom,Measurement 1,Evaluation10,7,A,7-A,Sample,Res 7.5uM
data/raw/RFE423_Chip#7_C2011_C2017_Disease+7.5uM_Resmetirom__2024-12-21T16_10_40-Measurement 1/Evaluation10/PlateResults.txt,2,C2012,1,1,42269,1181487,2772.24942,1533.944048,55.33210818,3275376651,24969.79335,255.7857143,2385.478261,100066.4515,113248.9819,113.1737762,1.18227E+11,14257752,1958,66224,11.29124096,7.64446667,67.70262632,13340454.4,201.7777353,1.766880344,9.187777791,0.896583836,0.089108315,9.938648423,1059302.147,1.065039903,0.40825035750600003,0.908718167,13.09066189,5.342147568,40.80884233,15466446.84,83.78207068,5.248097611,12.02566366,2.358963173,0.73362314,31.09938927,2787084.322,14.77091044,1.435139896,2.169926036,4.91825728,1.884106411,38.30841503,5810857.039,26.85512922,1.783363289,4.630753639,0.503952646,0.109705012,21.76891285,595413.5002,0.89645573,0.127440978,0.502497731,27.95161939,0.000267128,2.367372106,0.065585877,105,0,,,,,Phenix,http://harmony.univ.pitt.edu/ODA/OdaService.asmx,a5b19e58-e403-4cc1-82d3-df28adb4908c,RFE423_Chip#7_C2011_C2017_Disease+7.5uM_Resmetirom,Measurement 1,Evaluation10,7,B,7-B,Sample,Res 7.5uM
data/raw/RFE423_Chip#7_C2011_C2017_Disease+7.5uM_Resmetirom__2024-12-21T16_10_40-Measurement 1/Evaluation10/PlateResults.txt,3,C2013,1,1,42497,1115044,2494.5879,1482.71292,59.4371888,2781575271,24167.0545,229,2107.933333,89754.88177,106252.6122,118.3808725,1.00081E+11,9294990,2119,57764,11.25972849,7.596983708,67.47039871,12555092.7,147.0044447,1.766880344,9.187777791,0.897989725,0.088568454,9.862969643,1001298.055,1.065039903,0.432933456,0.909971693,13.04674815,5.290673705,40.55166578,14547698.24,85.8385841,5.248097611,12.00454037,2.359960688,0.735803813,31.17864703,2631460.005,12.93177056,1.435139896,2.169926036,4.904801705,1.87353261,38.19792771,5469069.713,24.73168441,1.783363289,4.630753639,0.505320612,0.110023274,21.7729638,563454.7162,0.908480971,0.124652959,0.502610574,26.23818152,0.000264953,2.112028655,0.058700329,105,0,,,,,Phenix,http://harmony.univ.pitt.edu/ODA/OdaService.asmx,a5b19e58-e403-4cc1-82d3-df28adb4908c,RFE423_Chip#7_C2011_C2017_Disease+7.5uM_Resmetirom,Measurement 1,Evaluation10,7,C,7-C,Sample,Res 7.5uM
data/raw/RFE423_Chip#7_C2011_C2017_Disease+7.5uM_Resmetirom__2024-12-21T16_10_40-Measurement 1/Evaluation10/PlateResults.txt,4,C2014,1,1,39459,1175047,5162.655626,2992.945955,57.97299242,6066363006,43814.44759,289.0952381,4399.896552,182739.7542,211436.119,115.7034056,2.14728E+11,15466500,2023,118647,10.96908733,7.49442264,68.32311944,12889193.16,155.8388464,1.766880344,9.187777791,0.90008701,0.088593425,9.842762299,1057644.54,1.065039903,0.428772257,0.911954843,12.8418982,5.280958598,41.12288166,15089833.95,79.34718079,5.248097611,11.79606935,2.32860459,0.725234612,31.14460116,2736219.837,13.33494075,1.435139896,2.169926036,4.829949816,1.867585419,38.66676653,5675418.041,26.15960502,1.783363289,4.427318128,0.507116178,0.110109532,21.71288098,595885.3436,0.900744939,0.128727935,0.502610574,29.7789351,0.000277987,4.631129887,0.130835947,105,0,,,,,Phenix,http://harmony.univ.pitt.edu/ODA/OdaService.asmx,a5b19e58-e403-4cc1-82d3-df28adb4908c,RFE423_Chip#7_C2011_C2017_Disease+7.5uM_Resmetirom,Measurement 1,Evaluation10,7,D,7-D,Sample,Res 7.5uM
data/raw/RFE423_Chip#7_C2011_C2017_Disease+7.5uM_Resmetirom__2024-12-21T16_10_40-Measurement 1/Evaluation10/PlateResults.txt,5,C2015,1,1,42554,1120188,5372.267631,3360.440387,62.55161913,6017949733,60972.16981,303.8125,4504.921538,193807.0029,232875.2161,120.1583083,2.171E+11,25852200,2499,122142,11.20644239,7.707820385,68.78026156,12553322.28,174.9211541,1.766880344,9.187777791,0.899781526,0.087947303,9.774295291,1007924.468,1.065039903,0.41277547,0.911192777,12.96770642,5.321936221,41.03991907,14526269.12,95.75565243,5.248097611,11.91469839,2.355147149,0.745184873,31.64069274,2638207.574,12.3745523,1.435139896,2.169926036,4.879435414,1.88998077,38.73359538,5465884.997,39.28239337,1.783363289,4.45993025,0.507208797,0.110089294,21.70492596,568169.2078,0.88807666,0.131080023,0.502610574,26.32391785,0.000263346,4.554378035,0.126245891,105,0,,,,,Phenix,http://harmony.univ.pitt.edu/ODA/OdaService.asmx,a5b19e58-e403-4cc1-82d3-df28adb4908c,RFE423_Chip#7_C2011_C2017_Disease+7.5uM_Resmetirom,Measurement 1,Evaluation10,7,E,7-E,Sample,Res 7.5uM
data/raw/RFE423_Chip#7_C2011_C2017_Disease+7.5uM_Resmetirom__2024-12-21T16_10_40-Measurement 1/Evaluation10/PlateResults.txt,6,C2016,1,1,42980,1199150,5477.577794,3268.397957,59.66867254,6568437412,54838.14464,287.5,4652.993421,198285.4401,233782.1157,117.9018064,2.37774E+11,21990096,2461,126264.5,11.14968642,7.670220961,68.79315409,13370146.47,165.0266242,1.766880344,9.187777791,0.898681688,0.08873294,9.873678428,1077654.146,1.065039903,0.431007654,0.910576003,12.95929877,5.349240121,41.27723432,15540143.13,80.15242117,5.248097611,11.91021188,2.344434005,0.738291327,31.49123947,2811328.037,12.48354302,1.435139896,2.169926036,4.871896104,1.891143507,38.81740224,5842134.213,30.91197503,1.783363289,4.459929966,0.506045478,0.109960403,21.72935195,606824.4344,0.896399282,0.135243933,0.502610574,27.90018613,0.000259416,4.613435088,0.127444807,105,0,,,,,Phenix,http://harmony.univ.pitt.edu/ODA/OdaService.asmx,a5b19e58-e403-4cc1-82d3-df28adb4908c,RFE423_Chip#7_C2011_C2017_Disease+7.5uM_Resmetirom,Measurement 1,Evaluation10,7,F,7-F,Sample,Res 7.5uM
data/raw/RFE423_Chip#7_C2011_C2017_Disease+7.5uM_Resmetirom__2024-12-21T16_10_40-Measurement 1/Evaluation10/PlateResults.txt,7,C2017,1,1,40375,547102,387.9568455,86.67057992,22.34026308,212251966.1,4397.769231,221.2264151,367.21875,18107.23429,12719.29795,70.24428881,9906504094,496064,1735,14690,16.14802851,9.419587681,58.3327412,8834618.695,144.8841882,2.120256413,13.78166669,0.806997959,0.110911051,13.74365946,441510.1973,1.065039903,0.358530165,0.813884194,17.82830662,7.13103892,39.99840856,9753902.207,98.5319074,5.248097611,16.33874726,2.696909121,0.742054434,27.5149959,1475484.374,10.65218463,1.435139896,2.624048791,6.322023013,2.205108373,34.87979036,3458791.434,31.64781035,1.949061758,5.991357095,0.44850553,0.106659233,23.78102955,245378.2727,0.871998485,0.122049495,0.443718099,13.55051393,0.000399951,0.448476391,0.009608838,105,0,,,,,Phenix,http://harmony.univ.pitt.edu/ODA/OdaService.asmx,a5b19e58-e403-4cc1-82d3-df28adb4908c,RFE423_Chip#7_C2011_C2017_Disease+7.5uM_Resmetirom,Measurement 1,Evaluation10,7,G,7-G,Neg.,Res 7.5uM
data/raw/RFE428_chip14_disease_dmso__2025-02-26T12_38_09-Measurement 1/Evaluation5/PlateResults.txt,1,C2292,1,1,73404,759322,2299.323349,1165.322964,50.68112602,1745926804,13871.32,401,1982.764706,76020.48568,78997.14574,103.9156025,57724027227,2674096,3486,52927,10.3350866,6.278298717,60.74742244,7847658.628,125.7601935,1.766294853,8.831474263,0.93884548,0.070660467,7.52631483,712886.0274,1.065039903,0.500758122,0.949743521,11.8563762,4.07050762,34.33180215,9002807.292,67.28258526,5.247228007,11.21190709,2.428622742,0.781000281,32.15815564,1844106.678,10.10793183,1.434902095,2.169566481,4.456254233,1.508234247,33.84533664,3383731.877,24.2705431,1.783067787,4.260704781,0.562293147,0.115851783,20.6034493,426961.5568,0.927913142,0.140850759,0.56324022,10.34442265,0.000140797,1.035645001,0.031324224,105,0,,,,,Phenix,http://harmony.univ.pitt.edu/ODA/OdaService.asmx,6df803fd-e858-4e86-9ece-6d717bb118f9,RFE428_chip14_disease_dmso,Measurement 1,Evaluation5,14,A,14-A,Sample,Disease-Control
data/raw/RFE428_chip14_disease_dmso__2025-02-26T12_38_09-Measurement 1/Evaluation5/PlateResults.txt,2,C2293,1,1,73055,748666,2347.03248,1158.198843,49.34737176,1757143419,15184.23881,246,2034.404545,77057.40676,78418.79714,101.7667223,57690260489,4405360,2468,54002,10.28254371,6.237978415,60.66571258,7698190.872,112.6896116,1.766294853,8.831474263,0.9380815,0.070988917,7.567457326,702309.7241,1.065039903,0.483334963,0.949074305,11.84115084,4.07934953,34.45061704,8865067.038,47.99139969,5.247228007,11.21190709,2.415024773,0.769991097,31.88336226,1808046.937,11.1698082,1.434902095,2.169566481,4.454234864,1.512695315,33.96083414,3334734.199,17.43384014,1.783067787,4.260704781,0.559972395,0.115429333,20.61339704,419232.2929,0.910977228,0.150830991,0.56324022,10.24797755,0.000140751,1.054786213,0.032126925,105,0,,,,,Phenix,http://harmony.univ.pitt.edu/ODA/OdaService.asmx,6df803fd-e858-4e86-9ece-6d717bb118f9,RFE428_chip14_disease_dmso,Measurement 1,Evaluation5,14,B,14-B,Sample,Disease-Control
data/raw/RFE428_chip14_disease_dmso__2025-02-26T12_38_09-Measurement 1/Evaluation5/PlateResults.txt,3,C2294,1,1,73743,754694,1953.36634,897.9602361,45.96988377,1474193857,10574.45714,284.8,1717.604878,64353.41315,63075.25127,98.0138398,48567134784,1995738,2737,46121,10.37015142,6.248944726,60.25895356,7826291.053,90.43429646,1.766294853,8.831474263,0.937560533,0.071211725,7.595426939,707571.3089,1.065039903,0.524181544,0.948414559,11.90267244,4.076398105,34.24775508,8982875.474,52.26152904,5.247228007,11.31388244,2.427845341,0.772712827,31.82710257,1832280.312,9.754911126,1.434902095,2.169566481,4.474317419,1.509229528,33.73094456,3376740.51,17.48109098,1.783067787,4.260704781,0.560166678,0.115814557,20.67501728,422754.4306,0.897308519,0.157693382,0.56324022,10.23411036,0.000140626,0.872671483,0.026488837,105,0,,,,,Phenix,http://harmony.univ.pitt.edu/ODA/OdaService.asmx,6df803fd-e858-4e86-9ece-6d717bb118f9,RFE428_chip14_disease_dmso,Measurement 1,Evaluation5,14,C,14-C,Sample,Disease-Control
data/raw/RFE428_chip14_disease_dmso__2025-02-26T12_38_09-Measurement 1/Evaluation5/PlateResults.txt,4,C2295,1,1,72579,734968,1825.209387,864.451468,47.3617698,1341470492,27852.78947,321.9333333,1595.720486,60287.92787,61359.74995,101.7778387,44309697769,2924718,2984,42587,10.35713882,6.295619928,60.78531958,7612165.601,118.6950141,1.766294853,8.831474263,0.938702647,0.070706373,7.532350447,689916.4071,1.065039903,0.484102574,0.949721771,11.86972496,4.063781015,34.23652216,8723868.012,52.37378496,5.247228007,11.29276265,2.430950401,0.785564903,32.31513495,1786670.754,10.38087532,1.434902095,2.169566481,4.459328062,1.503015508,33.70497722,3277463.427,19.01536473,1.783067787,4.260704781,0.562171601,0.116006108,20.63535535,413178.1372,0.903982172,0.149311483,0.56324022,10.12645531,0.000142702,0.830652501,0.025147899,105,0,,,,,Phenix,http://harmony.univ.pitt.edu/ODA/OdaService.asmx,6df803fd-e858-4e86-9ece-6d717bb118f9,RFE428_chip14_disease_dmso,Measurement 1,Evaluation5,14,D,14-D,Sample,Disease+0.02% DMSO
data/raw/RFE428_chip14_disease_dmso__2025-02-26T12_38_09-Measurement 1/Evaluation5/PlateResults.txt,5,C2296,1,1,72494,752640,2121.102788,1066.794244,50.29432096,1596426802,14811.37037,366.7428571,1828.545455,69807.46035,72504.41654,103.8634212,52539886957,2988667,3076,48508,10.29467485,6.275384823,60.95758159,7748184.081,111.2765757,1.766294853,8.831474263,0.93906671,0.07052149,7.509742336,706779.169,1.065039903,0.487571061,0.949721771,11.82879869,4.067400436,34.38557492,8902827.046,56.39903306,5.247228007,11.21190709,2.421794326,0.779613858,32.19158,1822739.282,10.96657021,1.434902095,2.169566481,4.447238106,1.507427029,33.89580213,3347169.288,16.86120142,1.783067787,4.260704781,0.561927622,0.115677631,20.58585951,422929.2054,0.897308519,0.138618339,0.56324022,10.38210059,0.000142007,0.962941214,0.029259012,105,0,,,,,Phenix,http://harmony.univ.pitt.edu/ODA/OdaService.asmx,6df803fd-e858-4e86-9ece-6d717bb118f9,RFE428_chip14_disease_dmso,Measurement 1,Evaluation5,14,E,14-E,Sample,Disease+0.02% DMSO
data/raw/RFE428_chip14_disease_dmso__2025-02-26T12_38_09-Measurement 1/Evaluation5/PlateResults.txt,6,C2297,1,1,71275,752992,2183.300015,1005.331506,46.0464205,1644007445,15837.4,387.7058824,1909.857143,71949.76522,73599.34155,102.2926779,54177597612,2938983,3314,50738,10.28151219,6.317415547,61.44442016,7741896.425,111.6298347,1.766294853,8.831474263,0.93865624,0.070767913,7.539279037,706800.6397,1.065039903,0.515427881,0.949688377,11.82150329,4.07961841,34.5101491,8901497.403,57.32274939,5.247228007,11.19975883,2.418018922,0.786071409,32.50890231,1820748.904,11.1698082,1.434902095,2.169566481,4.445319223,1.510075317,33.97000848,3347289.812,17.12393248,1.783067787,4.260704781,0.561222122,0.115952572,20.66072735,422595.7683,0.900836438,0.155399195,0.56324022,10.56460189,0.000144251,1.009467067,0.030632059,105,0,,,,,Phenix,http://harmony.univ.pitt.edu/ODA/OdaService.asmx,6df803fd-e858-4e86-9ece-6d717bb118f9,RFE428_chip14_disease_dmso,Measurement 1,Evaluation5,14,F,14-F,Sample,Disease+0.02% DMSO
data/raw/RFE428_chip14_disease_dmso__2025-02-26T12_38_09-Measurement 1/Evaluation5/PlateResults.txt,7,C2298,1,1,70473,160513,277.9352302,27.07730423,9.742307304,44612217.61,1582.418182,221.6734694,277.425,13576.36221,6389.4248015699995,47.06286339,2179182628,91539,1794,12283,17.17659984,7.641553326,44.48816062,2757067.57,91.49407337,1.766294853,15.5433947,0.768739726,0.115798646,15.06343987,123392.7197,1.065039903,0.338262538,0.771062027,19.5324376,6.817295016,34.90242824,3135210.156,95.0770261,5.358174891,18.33651574,2.833436115,0.668230418,23.58374747,454803.3311,7.452721692,1.434902095,2.869804261,6.663163278,1.981496913,29.73808131,1069524.327,22.89822399,1.783067787,6.358123822,0.446144744,0.111531865,24.99903137,71612.03132,0.871998485,0.12763788,0.438828301,2.277652434,0.000243733,0.192646293,0.003943854,105,0,,,,,Phenix,http://harmony.univ.pitt.edu/ODA/OdaService.asmx,6df803fd-e858-4e86-9ece-6d717bb118f9,RFE428_chip14_disease_dmso,Measurement 1,Evaluation5,14,G,14-G,Control,Disease+0.02% DMSO
data/raw/RFE428_chip15_disease_0.3uM Res__2025-02-26T15_18_33-Measurement 1/Evaluation4/PlateResults.txt,1,C2299,1,1,68492,766798,2280.900335,1132.997216,49.6732452,1748989815,28038.31579,382.1904762,1978.990385,79328.39737,90814.51684,114.4792027,60828856447,3506367,3408,52911,10.61216257,6.694586051,63.08408874,8137385.033,107.390727,1.766294853,9.184733234,0.941911755,0.069529535,7.381746211,722256.0496,1.065039903,0.488938044,0.953418175,11.92470287,4.117689179,34.53074867,9143838.313,57.33489765,5.247228007,11.31836821,2.48349924,0.85966766,34.6151771,1904342.25,11.1698082,1.434902095,2.169566481,4.465109161,1.507253613,33.75625453,3423836.774,18.93768008,1.783067787,4.260704781,0.570746139,0.118382386,20.74168852,437646.9976,0.927913142,0.151036489,0.569668158,11.19543888,0.00015494,1.15821406,0.033301704,105,0,,,,,Phenix,http://harmony.univ.pitt.edu/ODA/OdaService.asmx,9d076408-3bbc-4408-a675-74f91d3d68ac,RFE428_chip15_disease_0.3uM Res,Measurement 1,Evaluation4,15,A,15-A,Sample,Disease+0.3 uM Res.
data/raw/RFE428_chip15_disease_0.3uM Res__2025-02-26T15_18_33-Measurement 1/Evaluation4/PlateResults.txt,2,C2300,1,1,69379,733737,2956.703624,1457.447894,49.2929992,2169442847,16687.63158,238.9883721,2570.947368,104736.9165,121250.847,115.7670582,76849350876,4280907,2762,69042,10.68884101,6.779827442,63.42902316,7842798.138,109.1570219,1.766294853,9.184733234,0.944617593,0.068226937,7.222704414,693100.8788,1.065039903,0.450054901,0.958324617,11.91556708,4.092049663,34.34204712,8742892.445,52.68202558,5.247228007,11.31836821,2.509182259,0.883712851,35.21915748,1841079.863,10.71673435,1.434902095,2.169566481,4.454545861,1.49532481,33.56851307,3268465.116,16.21246573,1.783067787,4.260704781,0.576617457,0.119044609,20.64533554,423085.5632,0.90833474,0.147123733,0.574728513,10.57577941,0.000154065,1.509634276,0.042616694,105,0,,,,,Phenix,http://harmony.univ.pitt.edu/ODA/OdaService.asmx,9d076408-3bbc-4408-a675-74f91d3d68ac,RFE428_chip15_disease_0.3uM Res,Measurement 1,Evaluation4,15,B,15-B,Sample,Disease+0.3 uM Res.
data/raw/RFE428_chip15_disease_0.3uM Res__2025-02-26T15_18_33-Measurement 1/Evaluation4/PlateResults.txt,3,C2301,1,1,70310,718534,1671.309487,758.5903375,45.38898052,1200892691,11221.25333,355.65,1467.444444,58401.20886,64822.33515,110.9948517,41963254207,2271391,3278,39697,10.69649406,6.681201115,62.46159796,7685794.661,102.0918425,1.766294853,9.184733234,0.94328164,0.069408729,7.358218984,677779.9301,1.065039903,0.454244788,0.956402874,11.95797936,4.096031745,34.25354419,8592214.744,58.08778799,5.247228007,11.42034356,2.504006447,0.864282177,34.51597251,1799213.769,10.17397282,1.434902095,2.169566481,4.471906928,1.498988142,33.52011047,3213217.173,17.81622165,1.783067787,4.276312224,0.574117623,0.118969733,20.722188,412523.0319,0.908334706,0.138007447,0.573040134,10.21951358,0.000152133,0.830624504,0.02377058,105,0,,,,,Phenix,http://harmony.univ.pitt.edu/ODA/OdaService.asmx,9d076408-3bbc-4408-a675-74f91d3d68ac,RFE428_chip15_disease_0.3uM Res,Measurement 1,Evaluation4,15,C,15-C,Sample,Disease+0.3 uM Res.
data/raw/RFE428_chip15_disease_0.3uM Res__2025-02-26T15_18_33-Measurement 1/Evaluation4/PlateResults.txt,4,C2302,1,1,68336,737507,2351.952508,1127.59299,47.9428469,1734581439,13720.73913,310.0666667,2050.694444,82092.64449,95239.03513,116.0140908,60543899961,4083683,3525,54457,10.57222071,6.741915549,63.77009838,7797086.78,120.8145679,1.766294853,8.831474263,0.94377552,0.06903393,7.314655749,696041.0525,1.065039903,0.502785492,0.956776259,11.86655923,4.104130394,34.58568162,8751670.496,60.87094191,5.247228007,11.30173418,2.486978332,0.871958916,35.0609776,1834163.929,11.29276265,1.434902095,2.169566481,4.439988417,1.500655332,33.79863169,3274522.537,18.88125068,1.783067787,4.260704781,0.574144783,0.118865436,20.70304207,423435.7967,0.908334706,0.146204807,0.571243424,10.7923642,0.000154709,1.201308893,0.034417474,105,0,,,,,Phenix,http://harmony.univ.pitt.edu/ODA/OdaService.asmx,9d076408-3bbc-4408-a675-74f91d3d68ac,RFE428_chip15_disease_0.3uM Res,Measurement 1,Evaluation4,15,D,15-D,Sample,Disease+0.3 uM Res.
data/raw/RFE428_chip15_disease_0.3uM Res__2025-02-26T15_18_33-Measurement 1/Evaluation4/PlateResults.txt,5,C2303,1,1,69491,734528,1921.399866,901.9793463,46.94386433,1411322001,11175.69388,336.1818182,1682.098077,67166.2641,75973.97763,113.1132997,49335501638,2545143,3428,45099.5,10.65276336,6.716678614,63.05104496,7824752.963,112.3363526,1.766294853,9.184733234,0.944046513,0.068668723,7.273870708,693428.597,1.065039903,0.491165429,0.957242878,11.91122209,4.085376072,34.29854672,8749126.137,60.96207804,5.247228007,11.31836821,2.501232524,0.874174847,34.94976331,1837225.323,10.52296795,1.434902095,2.169566481,4.453776193,1.494318252,33.55171403,3271423.319,18.02745466,1.783067787,4.260704781,0.575291477,0.118967482,20.67951399,422567.6983,0.90833474,0.120347902,0.573090809,10.57011699,0.000153297,0.96654623,0.027649622,105,0,,,,,Phenix,http://harmony.univ.pitt.edu/ODA/OdaService.asmx,9d076408-3bbc-4408-a675-74f91d3d68ac,RFE428_chip15_disease_0.3uM Res,Measurement 1,Evaluation4,15,E,15-E,Sample,Disease+0.3 uM Res.
data/raw/RFE428_chip15_disease_0.3uM Res__2025-02-26T15_18_33-Measurement 1/Evaluation4/PlateResults.txt,6,C2304,1,1,68854,742202,2332.322613,1071.827806,45.9553837,1731054508,13255.27273,392.3125,2045.470486,82569.85895,95709.48419,115.9133434,61283514454,3861339,3638,54960,10.68371334,6.876661123,64.36583336,7929473.406,120.461309,1.766294853,9.184733234,0.943806748,0.06902144,7.313090283,700495.2562,1.065039903,0.511800464,0.956867579,11.91784814,4.141447315,34.74995876,8845450.728,57.04329106,5.247228007,11.31836821,2.501430479,0.888716116,35.52831564,1856566.704,11.1698082,1.434902095,2.169566481,4.456525315,1.511844926,33.92429795,3307642.001,18.96331914,1.783067787,4.260704781,0.575015409,0.119318237,20.75044165,426777.5867,0.90833474,0.15012537,0.573088459,10.77935922,0.000155165,1.199202065,0.033873451,105,0,,,,,Phenix,http://harmony.univ.pitt.edu/ODA/OdaService.asmx,9d076408-3bbc-4408-a675-74f91d3d68ac,RFE428_chip15_disease_0.3uM Res,Measurement 1,Evaluation4,15,F,15-F,Sample,Disease+0.3 uM Res.
data/raw/RFE428_chip15_disease_0.3uM Res__2025-02-26T15_18_33-Measurement 1/Evaluation4/PlateResults.txt,7,C2305,1,1,51644,136993,280.3590802,26.49127773,9.449052873,38407231.48,1451.009009,220.0634921,279.8421053,14140.14379,6680.520049,47.24506447,1937100718,161062,1766,12811,17.70439282,7.815984789,44.14714962,2425377.886,87.25496572,2.119553823,16.24991264,0.76912933,0.115911667,15.07050413,105365.3343,1.065039903,0.34423872,0.77200087,19.79450806,6.804378137,34.37508078,2711709.043,89.11683278,5.247228007,18.67253312,2.905459918,0.720945957,24.81348833,398027.6705,8.285516957,1.434902095,2.869804261,6.732057443,1.974997272,29.33720172,922244.7453,22.67653425,1.948738801,6.516027106,0.451622044,0.114643904,25.38492219,61869.05861,0.871998485,0.123769881,0.444162418,2.652641159,0.000342816,0.273800321,0.005428686,105,0,,,,,Phenix,http://harmony.univ.pitt.edu/ODA/OdaService.asmx,9d076408-3bbc-4408-a675-74f91d3d68ac,RFE428_chip15_disease_0.3uM Res,Measurement 1,Evaluation4,15,G,15-G,Control,Disease+0.3 uM Res.
data/raw/RFE428_chip16_disease_0.8uM Res__2025-02-26T18_04_40-Measurement 1/Evaluation4/PlateResults.txt,1,C2306,1,1,68936,775566,2261.32587,1176.210078,52.01417866,1753807459,17992.86667,367.1666667,1940.180195,82146.64298,107070.4957,130.3406832,63710143312,4410494,3123,51345,10.73473812,6.991569659,65.13032343,8325497.907,129.2927832,1.766294853,9.184733234,0.948035143,0.06702719,7.070116643,735263.824,1.065039903,0.508246544,0.962074765,11.86370879,4.068012275,34.2895493,9201089.173,54.07917391,5.247228007,11.31388244,2.534286575,0.929481347,36.67625263,1965506.502,12.1718174,1.434902095,2.169566481,4.424248581,1.477345327,33.39200545,3431296.775,16.23427137,1.783067787,4.260704781,0.583966366,0.120218723,20.58658339,452904.4583,0.914998641,0.165045162,0.575966129,11.25052222,0.00015572,1.191636344,0.032803265,105,0,,,,,Phenix,http://harmony.univ.pitt.edu/ODA/OdaService.asmx,627a3071-5ecd-4ceb-bfaa-7a77a04df33e,RFE428_chip16_disease_0.8uM Res,Measurement 1,Evaluation4,16,A,16-A,Sample,Disease+0.8 uM Res.
data/raw/RFE428_chip16_disease_0.8uM Res__2025-02-26T18_04_40-Measurement 1/Evaluation4/PlateResults.txt,2,C2307,1,1,69107,748190,1870.247986,878.38362226899994,46.96615791,1399300840,25138.58824,323.1,1625.688259,66597.06168,80193.41197,120.4158411,49827255575,2469130,2486,42901,10.60863521,6.822255821,64.30851553,7937274.777,108.8037629,1.766294853,8.831474263,0.948828048,0.066860184,7.046606995,709903.6569,1.065039903,0.476795967,0.96247453,11.79361944,4.036697583,34.22780941,8823868.127,64.64364626,5.247228007,11.21190709,2.519756111,0.910163716,36.12110365,1885256.325,10.68532164,1.434902095,2.169566481,4.400051059,1.470488903,33.41981453,3292074.202,21.30203288,1.783067787,4.260704781,0.584475595,0.119949473,20.5225803,437298.7952,0.908334706,0.14079379,0.575966129,10.82654434,0.00015351,0.963680404,0.027063076,105,0,,,,,Phenix,http://harmony.univ.pitt.edu/ODA/OdaService.asmx,627a3071-5ecd-4ceb-bfaa-7a77a04df33e,RFE428_chip16_disease_0.8uM Res,Measurement 1,Evaluation4,16,B,16-B,Sample,Disease+0.8 uM Res.
data/raw/RFE428_chip16_disease_0.8uM Res__2025-02-26T18_04_40-Measurement 1/Evaluation4/PlateResults.txt,3,C2308,1,1,69094,757673,2015.379272,944.6043922,46.86980785,1526998459,19870,360.2142857,1755.846154,72061.26187,88077.72165,122.2261717,54598872464,3766040,3003,46413,10.60648225,6.840536579,64.49392381,8036245.223,129.6460422,1.766294853,8.831474263,0.948367315,0.066973379,7.061966215,718552.309,1.065039903,0.526744869,0.962152243,11.79760113,4.044065671,34.27871164,8938723.839,49.93980219,5.247228007,11.21190709,2.516980453,0.909698609,36.14245823,1907048.131,11.35532563,1.434902095,2.169566481,4.402845736,1.473530294,33.46767936,3335917.337,18.48970706,1.783067787,4.260704781,0.583511545,0.119602876,20.49708824,442110.943,0.909881125,0.147284517,0.575966129,10.96582916,0.000153508,1.04294529,0.029168658,105,0,,,,,Phenix,http://harmony.univ.pitt.edu/ODA/OdaService.asmx,627a3071-5ecd-4ceb-bfaa-7a77a04df33e,RFE428_chip16_disease_0.8uM Res,Measurement 1,Evaluation4,16,C,16-C,Sample,Disease+0.8 uM Res.
data/raw/RFE428_chip16_disease_0.8uM Res__2025-02-26T18_04_40-Measurement 1/Evaluation4/PlateResults.txt,4,C2309,1,1,67871,763627,1657.613972,803.2918628,48.46073189,1265798785,29841.52381,268.7777778,1435.588235,59653.52086,75542.55785,126.6355393,45553039175,3221192,3007,37797,10.68831513,6.980291554,65.30768855,8161886.015,135.2981857,1.766294853,9.184733234,0.948078244,0.067361158,7.105020994,723978.1454,1.065039903,0.520549251,0.96230706,11.84092506,4.074531255,34.41058224,9042050.08,51.65951062,5.247228007,11.21190709,2.526594592,0.924862196,36.60508887,1929375.848,12.37250129,1.434902095,2.169566481,4.416405844,1.480367696,33.51973863,3372486.746,17.4013363,1.783067787,4.260704781,0.583623401,0.120302841,20.61309418,445670.5869,0.910977228,0.152585701,0.575966129,11.25115292,0.00015748,0.878925032,0.024423008,105,0,,,,,Phenix,http://harmony.univ.pitt.edu/ODA/OdaService.asmx,627a3071-5ecd-4ceb-bfaa-7a77a04df33e,RFE428_chip16_disease_0.8uM Res,Measurement 1,Evaluation4,16,D,16-D,Sample,Disease+0.8 uM Res.
data/raw/RFE428_chip16_disease_0.8uM Res__2025-02-26T18_04_40-Measurement 1/Evaluation4/PlateResults.txt,5,C2310,1,1,69317,767885,1981.048341,939.9010988,47.44463219,1521217305,10454.79545,318.5217391,1719.941176,69676.18771,84196.56145,120.8397936,53503299400,3152011,2881,45042,10.48500834,6.710250673,63.99852488,8051280.631,136.7112216,1.766294853,8.831474263,0.948234936,0.066831729,7.048013778,728135.3835,1.065039903,0.501798915,0.961443087,11.74070037,4.008273854,34.13998932,9015507.707,56.87477961,5.247228007,11.19527306,2.498681426,0.891992774,35.69853943,1918699.987,12.1718174,1.434902095,2.169566481,4.384616088,1.462798637,33.36206881,3366880.925,16.94979173,1.783067787,4.260704781,0.582089754,0.118819825,20.41262951,446977.9904,0.928017562,0.146396771,0.575966129,11.07787411,0.000151262,1.005181813,0.028579545,105,0,,,,,Phenix,http://harmony.univ.pitt.edu/ODA/OdaService.asmx,627a3071-5ecd-4ceb-bfaa-7a77a04df33e,RFE428_chip16_disease_0.8uM Res,Measurement 1,Evaluation4,16,E,16-E,Sample,Disease+0.8 uM Res.
data/raw/RFE428_chip16_disease_0.8uM Res__2025-02-26T18_04_40-Measurement 1/Evaluation4/PlateResults.txt,6,C2311,1,1,68692,782546,2235.206653,1050.167033,46.98299515,1749152025,13601.67742,333.6666667,1946.625,79918.60124,98716.63872,123.5214796,62539981723,4181215,3914,51075,10.57848163,6.888546001,65.11847579,8278148.488,131.412337,1.766294853,8.831474263,0.948329069,0.066807396,7.044748251,742111.1197,1.065039903,0.523597518,0.962062629,11.77535863,4.048686102,34.38269889,9214759.797,47.91820661,5.247228007,11.19975883,2.512240013,0.915531845,36.44284941,1965943.373,11.54095586,1.434902095,2.169566481,4.394983212,1.473034629,33.51627431,3439276.533,18.39458526,1.783067787,4.260704781,0.583225575,0.119554996,20.49892891,456400.841,0.90833474,0.159208778,0.575966129,11.39209806,0.000153999,1.163433897,0.032539548,105,0,,,,,Phenix,http://harmony.univ.pitt.edu/ODA/OdaService.asmx,627a3071-5ecd-4ceb-bfaa-7a77a04df33e,RFE428_chip16_disease_0.8uM Res,Measurement 1,Evaluation4,16,F,16-F,Sample,Disease+0.8 uM Res.
data/raw/RFE428_chip16_disease_0.8uM Res__2025-02-26T18_04_40-Measurement 1/Evaluation4/PlateResults.txt,7,C2312,1,1,66187,173904,279.5975277,68.66020287,24.556799,48623128.45,26619.11765,221.877551,278.8777999,14445.21714,6950.212054,48.11427885,2512081041,452525,1898,13025,18.11505679,7.951077702,43.8920937,3150280.837,86.90170675,2.119553823,16.60317162,0.768082096,0.11523665,15.00316835,133572.5488,1.065039903,0.340246791,0.771984429,20.01793014,6.739815006,33.66889063,3481198.123,86.53762957,5.247228007,18.92769494,2.961172634,0.755981372,25.52979734,514959.7658,8.741908131,1.434902095,2.971779504,6.789910367,1.948369334,28.69506708,1180792.572,23.76131249,1.948738801,6.532185501,0.455117574,0.116057716,25.5006008,79146.76662,0.871998485,0.11978199,0.447658571,2.627464608,0.000273695,0.218248555,0.004224357,105,0,,,,,Phenix,http://harmony.univ.pitt.edu/ODA/OdaService.asmx,627a3071-5ecd-4ceb-bfaa-7a77a04df33e,RFE428_chip16_disease_0.8uM Res,Measurement 1,Evaluation4,16,G,16-G,Control,Disease+0.8 uM Res.
data/raw/RFE428_chip17_disease_2.5uM Res__2025-02-27T11_29_26-Measurement 1/Evaluation5/PlateResults.txt,1,C2313,1,1,67444,845677,1850.487592,1002.330683,54.1657608,1564914796,18657.60563,232.5789474,1577.37037,64700.51118,80246.44683,124.0275314,54715734190,2938951,2559,41667,10.68361206,6.720970745,62.90916132,9034884.995,127.4544822,1.770201141,9.205045934,0.942036284,0.068713685,7.294165401,796658.4183,1.065039903,0.452253725,0.953900803,11.96022298,4.038502508,33.76611385,10114485.49,53.42518762,5.253027114,11.35202012,2.498972233,0.873680227,34.96158204,2113323.341,11.18215279,1.436487914,2.171964233,4.481399363,1.480565939,33.03802718,3789816.369,17.8504293,1.78503839,4.281038299,0.570431944,0.117671756,20.62853558,482401.1748,0.911827147,0.147335079,0.569668158,12.53895083,0.000158407,0.959321973,0.027437394,105,0,,,,,Phenix,http://harmony.univ.pitt.edu/ODA/OdaService.asmx,e2e7a8a3-fda2-4a9b-bbc8-a784057eb834,RFE428_chip17_disease_2.5uM Res,Measurement 1,Evaluation5,17,A,17-A,Sample,Disease+2.5 uM Res.
data/raw/RFE428_chip17_disease_2.5uM Res__2025-02-27T11_29_26-Measurement 1/Evaluation5/PlateResults.txt,2,C2314,1,1,70699,904103,1960.68818,944.5511446,48.17447029,1772664065,14687.72381,301.0714286,1700.75,66778.42876,79053.60547,118.381949,60374577775,2811728,3259,44037,10.28601359,6.351103628,61.74504412,9299615.743,110.4605512,1.770201141,8.851005706,0.944480807,0.067927117,7.192006095,853907.9311,1.065039903,0.49034616,0.957242878,11.71390315,3.927441843,33.52803751,10590574.98,56.25587729,5.253027114,11.2076458,2.456013817,0.841204074,34.25078753,2220489.46,10.69713079,1.436487914,2.171964233,4.389926921,1.444770256,32.91103205,3968946.099,19.31374372,1.78503839,4.265413607,0.572968827,0.117396452,20.48915175,518022.8355,0.90398223,0.149610646,0.570554062,12.78805924,0.00014549,0.944545591,0.027732898,105,0,,,,,Phenix,http://harmony.univ.pitt.edu/ODA/OdaService.asmx,e2e7a8a3-fda2-4a9b-bbc8-a784057eb834,RFE428_chip17_disease_2.5uM Res,Measurement 1,Evaluation5,17,B,17-B,Sample,Disease+2.5 uM Res.
data/raw/RFE428_chip17_disease_2.5uM Res__2025-02-27T11_29_26-Measurement 1/Evaluation5/PlateResults.txt,3,C2315,1,1,70759,850626,1845.953811,932.6492682,50.52397643,1570216306,23899.68605,295.6428571,1598.628289,64873.29895,81579.91178,125.7526796,55182914795,2924313,2566,41492,10.56732121,6.710148141,63.49904588,8988838.169,121.4357983,1.770201141,8.851005706,0.946146008,0.067322028,7.115395187,804816.3942,1.065039903,0.512145956,0.959629333,11.823286,3.995555305,33.79394955,10057194.48,51.13955353,5.253027114,11.22429821,2.503075116,0.888248919,35.48630697,2129180.773,10.73183253,1.436487914,2.171964233,4.421612241,1.462341209,33.07257916,3761138.334,17.65771019,1.78503839,4.265413607,0.578220067,0.118660985,20.52176867,491849.0228,0.90833474,0.165621212,0.575966095,12.0214531,0.000149342,0.91682046,0.026087901,105,0,,,,,Phenix,http://harmony.univ.pitt.edu/ODA/OdaService.asmx,e2e7a8a3-fda2-4a9b-bbc8-a784057eb834,RFE428_chip17_disease_2.5uM Res,Measurement 1,Evaluation5,17,C,17-C,Sample,Disease+2.5 uM Res.
data/raw/RFE428_chip17_disease_2.5uM Res__2025-02-27T11_29_26-Measurement 1/Evaluation5/PlateResults.txt,4,C2316,1,1,70489,857192,1694.196727,821.0990047,48.46538726,1452251881,10579.04846,264.0416667,1467.653454,59226.79814,74452.79701,125.7079554,50768737550,3085941,2794,38011,10.44995212,6.653563043,63.67075144,8957615.361,136.6595281,1.770201141,8.851005706,0.946770983,0.067451343,7.124356773,811564.5122,1.065039903,0.532502171,0.960586936,11.74754404,3.969374114,33.78896985,10069900.77,46.64574617,5.253027114,11.2076458,2.491347301,0.889811062,35.71605863,2135562.975,12.38617564,1.436487914,2.171964233,4.390419737,1.448724785,32.99740963,3763432.675,16.12235705,1.78503839,4.265413607,0.579357251,0.119162326,20.56802184,496620.4006,0.90833474,0.156590644,0.575966106,12.16064918,0.000148249,0.840227527,0.024034909,105,0,,,,,Phenix,http://harmony.univ.pitt.edu/ODA/OdaService.asmx,e2e7a8a3-fda2-4a9b-bbc8-a784057eb834,RFE428_chip17_disease_2.5uM Res,Measurement 1,Evaluation5,17,D,17-D,Sample,Disease+2.5 uM Res.
data/raw/RFE428_chip17_disease_2.5uM Res__2025-02-27T11_29_26-Measurement 1/Evaluation5/PlateResults.txt,5,C2317,1,1,69371,865209,1823.043032,982.1164098,53.87236575,1577313238,13905.5625,260.2333333,1572.818182,63214.41002,81377.70386,128.7328377,54693676476,3724021,2366,39544,10.42604318,6.575825164,63.07114839,9020706.392,134.1812465,1.770201141,8.851005706,0.945482227,0.067950464,7.186857909,818039.732,1.065039903,0.505693886,0.958846022,11.76334667,3.969946085,33.74844077,10177753.41,45.90186834,5.253027114,11.2076458,2.481110308,0.872347021,35.159542,2146678.968,12.49526873,1.436487914,2.171964233,4.399886211,1.452448486,33.01104656,3806821.149,16.45007384,1.78503839,4.265413607,0.576536621,0.118531877,20.5592972,498824.6736,0.927913142,0.14479414,0.574745955,12.4722002,0.000150294,0.911251244,0.026279613,105,0,,,,,Phenix,http://harmony.univ.pitt.edu/ODA/OdaService.asmx,e2e7a8a3-fda2-4a9b-bbc8-a784057eb834,RFE428_chip17_disease_2.5uM Res,Measurement 1,Evaluation5,17,E,17-E,Sample,Disease+2.5 uM Res.
data/raw/RFE428_chip17_disease_2.5uM Res__2025-02-27T11_29_26-Measurement 1/Evaluation5/PlateResults.txt,6,C2318,1,1,71756,863475,1755.360751,907.6526012,51.70746813,1515710125,24049.33333,297.25,1512.391304,60674.46135,75270.91125,124.0569913,52390880512,3071163,2586,39031,10.44280354,6.486709089,62.11654817,9017099.784,126.7464017,1.770201141,8.851005706,0.945337656,0.067430987,7.133005509,816275.4321,1.065039903,0.522132994,0.958648066,11.7827443,3.945017739,33.48131505,10174105.13,47.46289797,5.253027114,11.22429821,2.48244561,0.859926362,34.64029016,2143529.723,11.55371064,1.436487914,2.171964233,4.411167433,1.447888772,32.82325584,3808932.799,17.15281672,1.78503839,4.265413607,0.575534767,0.11769289,20.44931026,496959.8826,0.909881099,0.150283092,0.573209714,12.03348849,0.000145532,0.845566383,0.024462913,105,0,,,,,Phenix,http://harmony.univ.pitt.edu/ODA/OdaService.asmx,e2e7a8a3-fda2-4a9b-bbc8-a784057eb834,RFE428_chip17_disease_2.5uM Res,Measurement 1,Evaluation5,17,F,17-F,Sample,Disease+2.5 uM Res.
data/raw/RFE428_chip17_disease_2.5uM Res__2025-02-27T11_29_26-Measurement 1/Evaluation5/PlateResults.txt,7,C2319,1,1,71197,293955,290.1064876,58.47048873,20.15483666,85278252.58,27119.53333,224.1935484,287.2222222,14352.06981,7485.876856,52.15886597,4218862681,664907,1603,12753,17.30352992,7.894766129,45.62517685,5086459.139,104.4418673,2.124241369,15.57777004,0.792675249,0.115682276,14.59390538,233010.8528,1.065039903,0.388707891,0.798620429,18.88878401,6.336552439,33.54664035,5552452.505,79.07316064,5.253027114,17.84720366,2.926818981,0.774329113,26.45633767,860353.0736,9.197299357,1.436487914,2.872975898,6.523990736,1.900226443,29.12674956,1917759.697,20.83231288,1.950892499,6.23810492,0.468328529,0.121870479,26.02243333,137667.5128,0.871998485,0.135079099,0.458450197,4.128755425,0.000243037,0.201582508,0.004074701,105,0,,,,,Phenix,http://harmony.univ.pitt.edu/ODA/OdaService.asmx,e2e7a8a3-fda2-4a9b-bbc8-a784057eb834,RFE428_chip17_disease_2.5uM Res,Measurement 1,Evaluation5,17,G,17-G,Control,Disease+2.5 uM Res.
data/raw/RFE428_chip18_disease_7.5uM Res__2025-02-27T14_09_12-Measurement 1/Evaluation6/PlateResults.txt,1,C2320,1,1,72371,968469,2074.58197,978.9925347,47.18986999,2009168326,14067.93631,291.3428571,1811.714286,69877.15686,81375.09231,116.4544981,67673860225,3178176,2453,46740,10.23384995,6.326743186,61.82173101,9911166.424,113.6469133,1.770201141,8.851005706,0.942385667,0.068746596,7.294953486,912671.3042,1.065039903,0.480910414,0.953577115,11.71749038,3.94585535,33.67491863,11348026.19,50.70425697,5.253027114,11.20315508,2.438976786,0.830874221,34.06650797,2362073.409,10.69713079,1.436487914,2.171964233,4.396989204,1.453024679,33.04590054,4258347.737,17.22302257,1.78503839,4.265413607,0.568776614,0.117022137,20.57435813,550842.5185,0.90833474,0.126349495,0.569668158,13.38200384,0.000141408,0.96554085,0.028665929,105,0,,,,,Phenix,http://harmony.univ.pitt.edu/ODA/OdaService.asmx,62468a61-fb21-4dd6-959f-b15f1a1d714b,RFE428_chip18_disease_7.5uM Res,Measurement 1,Evaluation6,18,A,18-A,Sample,Disease+7.5 uM Res.
data/raw/RFE428_chip18_disease_7.5uM Res__2025-02-27T14_09_12-Measurement 1/Evaluation6/PlateResults.txt,2,C2321,1,1,72589,947503,1967.150456,913.4411278,46.43473635,1863880959,14428.15625,294.375,1718.25,66561.23025,79147.92108,118.9099432,63066965346,3334356,2559,43991,10.21878489,6.392555887,62.55690827,9682329.336,143.7403327,1.770201141,8.851005706,0.943523688,0.068564813,7.266888304,893991.5247,1.065039903,0.497462971,0.955777941,11.68455421,3.94743393,33.78335073,11071150.17,51.23266014,5.253027114,11.10555775,2.441101607,0.841832654,34.48576871,2312951.096,12.55193526,1.436487914,2.171964233,4.381881585,1.45049686,33.10214647,4151845.947,16.88290136,1.78503839,4.174882176,0.570691411,0.116982963,20.4984621,540731.8238,0.900786929,0.160955108,0.569668158,13.05298323,0.000140776,0.916960287,0.027099842,105,0,,,,,Phenix,http://harmony.univ.pitt.edu/ODA/OdaService.asmx,62468a61-fb21-4dd6-959f-b15f1a1d714b,RFE428_chip18_disease_7.5uM Res,Measurement 1,Evaluation6,18,B,18-B,Sample,Disease+7.5 uM Res.
data/raw/RFE428_chip18_disease_7.5uM Res__2025-02-27T14_09_12-Measurement 1/Evaluation6/PlateResults.txt,3,C2322,1,1,71789,888526,1952.543244,893.6546537,45.76875091,1734885438,10946.16216,293.5,1698.333333,67039.16174,81445.20638,121.4889988,59566038223,3392248,3126,43571,10.26531738,6.484683833,63.17080706,9121001.386,136.6595281,1.770201141,8.851005706,0.946413513,0.067533077,7.135683888,840913.0133,1.065039903,0.518140784,0.959629333,11.65628554,3.942824019,33.82573297,10356912.76,45.95182556,5.253027114,11.10106702,2.460628058,0.865266521,35.16445805,2186332.006,12.18526939,1.436487914,2.171964233,4.365440051,1.447481793,33.157752167699996,3878806.987,18.85655053,1.78503839,4.119475519,0.576462706,0.118007156,20.47090893,512202.1023,0.90833474,0.1577735,0.574745955,12.37691011,0.000142993,0.933836127,0.027198362,105,0,,,,,Phenix,http://harmony.univ.pitt.edu/ODA/OdaService.asmx,62468a61-fb21-4dd6-959f-b15f1a1d714b,RFE428_chip18_disease_7.5uM Res,Measurement 1,Evaluation6,18,C,18-C,Sample,Disease+7.5 uM Res.
data/raw/RFE428_chip18_disease_7.5uM Res__2025-02-27T14_09_12-Measurement 1/Evaluation6/PlateResults.txt,4,C2323,1,1,71993,920620,2018.975511,925.1050586,45.82051904,1858709235,11720.26,274.625,1762.925926,68674.48246,82658.89222,120.3633275,63223102038,2918981,3069,45155,10.23347546,6.425618791,62.79019105,9421142.176,118.2494362,1.770201141,8.851005706,0.944189843,0.068348224,7.23882218,869240.0533,1.065039903,0.526644242,0.957242878,11.67886592,3.94691133,33.79533044,10751797.54,51.88212088,5.253027114,11.10555775,2.446902339,0.849833055,34.73097562,2252667.231,11.18215279,1.436487914,2.171964233,4.377854595,1.449085228,33.10035079,4030340.497,16.95072677,1.78503839,4.165089577,0.572264151,0.117567065,20.54419523,526837.823,0.897308489,0.16397695,0.569668158,12.78763213,0.000142145,0.953904997,0.028044053,105,0,,,,,Phenix,http://harmony.univ.pitt.edu/ODA/OdaService.asmx,62468a61-fb21-4dd6-959f-b15f1a1d714b,RFE428_chip18_disease_7.5uM Res,Measurement 1,Evaluation6,18,D,18-D,Sample,Disease+7.5 uM Res.
data/raw/RFE428_chip18_disease_7.5uM Res__2025-02-27T14_09_12-Measurement 1/Evaluation6/PlateResults.txt,5,C2324,1,1,72519,933509,1909.794932,863.0581135,45.19114064,1782810757,18029.8254,320.4102564,1667.773585,63897.6101,74353.40453,116.3633576,59648994109,3010822,3102,42742,10.14366257,6.252499384,61.63946542,9469200.305,132.7650856,1.770201141,8.851005706,0.943288671,0.068504864,7.262343596,880568.4639,1.065039903,0.517633632,0.955131014,11.65391975,3.912975443,33.57647495,10879038.97,50.42898051,5.253027114,11.10106702,2.42961899,0.826737375,34.02744951,2268071.193,11.18215279,1.436487914,2.171964233,4.374599786,1.442237752,32.96845021,4083728.272,17.1074583,1.78503839,4.165089577,0.569409562,0.116788054,20.51037807,531548.9506,0.908334706,0.153103335,0.569668158,12.87261269,0.000139876,0.881115433,0.026335097,105,0,,,,,Phenix,http://harmony.univ.pitt.edu/ODA/OdaService.asmx,62468a61-fb21-4dd6-959f-b15f1a1d714b,RFE428_chip18_disease_7.5uM Res,Measurement 1,Evaluation6,18,E,18-E,Sample,Disease+7.5 uM Res.
data/raw/RFE428_chip18_disease_7.5uM Res__2025-02-27T14_09_12-Measurement 1/Evaluation6/PlateResults.txt,6,C2325,1,1,72750,932585,1946.164552,880.9453707,45.26571865,1814963869,19688.40909,331.3962264,1702.368421,65606.13275,77831.07932,118.6338473,61183295312,2755659,2273,43697,10.20127748,6.367801537,62.42160895,9513558.359,127.8085224,1.770201141,8.851005706,0.943465602,0.06852889,7.263528153,879861.8684,1.065039903,0.498497415,0.955627638,11.67699064,3.94073085,33.74782915,10889786.31,50.12589658,5.253027114,11.10555775,2.438016603,0.838948369,34.41110157,2273657.713,11.73937125,1.436487914,2.171964233,4.380596072,1.449266797,33.08378068,4085278.188,17.94706236,1.78503839,4.17488246,0.570339105,0.117233001,20.55496459,531889.6939,0.927913116,0.154383622,0.569668158,12.8190378,0.000140224,0.901802512,0.026751403,105,0,,,,,Phenix,http://harmony.univ.pitt.edu/ODA/OdaService.asmx,62468a61-fb21-4dd6-959f-b15f1a1d714b,RFE428_chip18_disease_7.5uM Res,Measurement 1,Evaluation6,18,F,18-F,Sample,Disease+7.5 uM Res.
data/raw/RFE428_chip18_disease_7.5uM Res__2025-02-27T14_09_12-Measurement 1/Evaluation6/PlateResults.txt,7,C2326,1,1,69934,177205,279.4574829,26.40440322,9.448450957,49521263.26,1390.411765,222.6491228,278.9367089,14229.41327,6791.32992,47.72740653,2521523179,304363,1949,12847,17.90894328,7.917511426,44.20981908,3173554.295,126.7464017,2.478281598,16.2858505,0.763591548,0.116045388,15.19731181,135312.2402,1.065039903,0.339380546,0.766131197,20.06244804,6.906337811,34.42420286,3555166.104,87.01063334,5.253027114,18.93065047,2.910219252,0.72418982,24.88437321,515705.4025,8.522949611,1.436487914,2.872975898,6.804410265,1.991620311,29.26955069,1205775.521,24.15074784,1.950892499,6.536470719,0.447548476,0.113984372,25.46860914,79307.82774,0.871998485,0.122522574,0.439982238,2.533889095,0.000256083,0.203469175,0.003996017,105,0,,,,,Phenix,http://harmony.univ.pitt.edu/ODA/OdaService.asmx,62468a61-fb21-4dd6-959f-b15f1a1d714b,RFE428_chip18_disease_7.5uM Res,Measurement 1,Evaluation6,18,G,18-G,Control,Disease+7.5 uM Res.